host,page_url,listed_name,resolved_name,script_url,import_type,imported_via
www.rbcis.com,https://www.rbcis.com/en/gmi/global-custody/market-newsflash.page,market-newsflash-25.js,market-newsflash-25.js,https://www.rbcis.com/assets/rbcits/js/sub/gmi/market-newsflash-25.js,direct-script-tag,
www.rbcis.com,https://www.rbcis.com/en/gmi/global-custody/market-newsflash.page,media-inquiries-responsive.js,media-inquiries-responsive.js,https://www.rbcis.com/assets/rbcits/js/sub/gmi/media-inquiries-responsive.js,direct-script-tag,
www.rbcis.com,https://www.rbcis.com/en/gmi/global-custody.page,mainpage.js,mainpage.js,https://www.rbcis.com/assets/rbcits/js/sub/gmi/mainpage.js,direct-script-tag,
www.rbcis.com,https://www.rbcis.com/en/gmi/global-custody/terms-and-conditions.page,secnav-Js,secnav.js,https://www.rbcis.com/assets/rbcits/js/sub/gmi/secnav.js,direct-script-tag,
www.rbcis.com,https://www.rbcis.com/en/gmi/global-custody/tax-profiles.page,tax-bulletins-23.js,tax-bulletins-23.js,https://www.rbcis.com/assets/rbcits/js/sub/gmi/tax-bulletins-23.js,direct-script-tag,
www.rbcis.com,https://www.rbcis.com/en/gmi/global-custody/market-profiles.page,market-profiles.js,market-profiles.js,https://www.rbcis.com/assets/rbcits/js/sub/gmi/market-profiles.js,direct-script-tag,
www.rbcis.com,https://www.rbcis.com/en/gmi/global-custody/holiday-calendar.page,jspdf.min.js,jspdf.min.js,https://www.rbcis.com/assets/rbcits/js/sub/gmi/jspdf.min.js,direct-script-tag,
www.rbcis.com,https://www.rbcis.com/en/gmi/global-custody/holiday-calendar.page,jspdf.plugin.autotable.min.js,jspdf.plugin.autotable.min.js,https://www.rbcis.com/assets/rbcits/js/sub/gmi/jspdf.plugin.autotable.min.js,direct-script-tag,
www.rbcis.com,https://www.rbcis.com/en/gmi/global-custody/holiday-calendar.page,holiday-calendar-26-1-bundle.js,holiday-calendar-26-1-bundle.js,https://www.rbcis.com/assets/rbcits/js/sub/gmi/holiday-calendar-26-1-bundle.js,direct-script-tag,
www.rbcis.com,https://www.rbcis.com/en/gmi/global-custody/holiday-calendar.page,hide-holidays.js,hide-holidays.js,https://www.rbcis.com/assets/rbcits/js/sub/gmi/hide-holidays.js,direct-script-tag,
www.rbcis.com,https://www.rbcis.com/en/gmi/global-custody/updates.page,updates-25-js,updates-25.js,https://www.rbcis.com/assets/rbcits/js/sub/gmi/updates-25.js,direct-script-tag,
www.rbcis.com,https://www.rbcis.com/en/login/gmi-tax-bulletins.page,secnav-Js,secnav.js,https://www.rbcis.com/assets/rbcits/js/sub/gmi/secnav.js,direct-script-tag,
www.rbcis.com,https://www.rbcis.com/fr/gmi/global-custody.page,mainpage.js,mainpage.js,https://www.rbcis.com/assets/rbcits/js/sub/gmi/mainpage.js,direct-script-tag,
www.rbcis.com,https://www.rbcis.com/en/login/gmi-terms-and-conditions.page,secnav-Js,secnav.js,https://www.rbcis.com/assets/rbcits/js/sub/gmi/secnav.js,direct-script-tag,
www.rbcis.com,https://www.rbcis.com/fr/gmi/global-custody/market-newsflash.page,market-newsflash-25-fr.js,market-newsflash-25-fr.js,https://www.rbcis.com/assets/rbcits/js/sub/gmi/market-newsflash-25-fr.js,direct-script-tag,
www.rbcis.com,https://www.rbcis.com/fr/gmi/global-custody/terms-and-conditions.page,secnav-Js,secnav.js,https://www.rbcis.com/assets/rbcits/js/sub/gmi/secnav.js,direct-script-tag,
www.rbcis.com,https://www.rbcis.com/fr/gmi/global-custody/tax-profiles.page,tax-bulletins.js,tax-bulletins.js,https://www.rbcis.com/assets/rbcits/js/sub/gmi/tax-bulletins.js,direct-script-tag,
www.rbcis.com,https://www.rbcis.com/fr/gmi/global-custody/market-profiles.page,market-profiles.js,market-profiles.js,https://www.rbcis.com/assets/rbcits/js/sub/gmi/market-profiles.js,direct-script-tag,
www.rbcis.com,https://www.rbcis.com/fr/gmi/global-custody/holiday-calendar.page,jspdf.min.js,jspdf.min.js,https://www.rbcis.com/assets/rbcits/js/sub/gmi/jspdf.min.js,direct-script-tag,
www.rbcis.com,https://www.rbcis.com/fr/gmi/global-custody/holiday-calendar.page,jspdf.plugin.autotable.min.js,jspdf.plugin.autotable.min.js,https://www.rbcis.com/assets/rbcits/js/sub/gmi/jspdf.plugin.autotable.min.js,direct-script-tag,
www.rbcis.com,https://www.rbcis.com/fr/gmi/global-custody/holiday-calendar.page,holiday-calendar-24.1-bundle.js,holiday-calendar-24.1-bundle.js,https://www.rbcis.com/assets/rbcits/js/sub/gmi/holiday-calendar-24.1-bundle.js,direct-script-tag,
www.rbcis.com,https://www.rbcis.com/fr/gmi/global-custody/holiday-calendar.page,hide-holidays.js,hide-holidays.js,https://www.rbcis.com/assets/rbcits/js/sub/gmi/hide-holidays.js,direct-script-tag,
www.rbcis.com,https://www.rbcis.com/fr/gmi/global-custody/holiday-calendar.page,holiday-calendar.js,holiday-calendar.js,https://www.rbcis.com/assets/rbcits/js/sub/gmi/holiday-calendar.js,direct-script-tag,
www.rbcis.com,https://www.rbcis.com/fr/gmi/global-custody/updates.page,updates-25-js,updates-25.js,https://www.rbcis.com/assets/rbcits/js/sub/gmi/updates-25.js,direct-script-tag,
