listed_name,resolved_name,resolution,script_url,http_status,content_type,importing_page_count,gmi_call_count,embedded_auth_call_count,candidate_reference_count,notes
bbe.js,bbe.js,exact,https://www.rbcis.com/assets/rbcits/js/sub/gmi/bbe.js,200,application/x-javascript,0,2,2,0,Public script scanned; no credential values retained
bbe.min.js,bbe.min.js,exact,https://www.rbcis.com/assets/rbcits/js/sub/gmi/bbe.min.js,200,application/x-javascript,0,2,2,0,Public script scanned; no credential values retained
bbe-23.js,bbe-23.js,exact,https://www.rbcis.com/assets/rbcits/js/sub/gmi/bbe-23.js,200,application/x-javascript,0,2,2,0,Public script scanned; no credential values retained
bbe-23.min.js,bbe-23.min.js,exact,https://www.rbcis.com/assets/rbcits/js/sub/gmi/bbe-23.min.js,200,application/x-javascript,0,2,2,0,Public script scanned; no credential values retained
bbe-cm.js,bbe-cm.js,exact,https://www.rbcis.com/assets/rbcits/js/sub/gmi/bbe-cm.js,200,application/x-javascript,0,1,1,0,Public script scanned; no credential values retained
bbe-cm.min.js,bbe-cm.min.js,exact,https://www.rbcis.com/assets/rbcits/js/sub/gmi/bbe-cm.min.js,200,application/x-javascript,0,1,1,0,Public script scanned; no credential values retained
bbe-cm-23.js,bbe-cm-23.js,exact,https://www.rbcis.com/assets/rbcits/js/sub/gmi/bbe-cm-23.js,200,application/x-javascript,0,1,1,0,Public script scanned; no credential values retained
bbe-cm-23.min.js,bbe-cm-23.min.js,exact,https://www.rbcis.com/assets/rbcits/js/sub/gmi/bbe-cm-23.min.js,200,application/x-javascript,0,1,1,0,Public script scanned; no credential values retained
bbe-fr.js,bbe-fr.js,exact,https://www.rbcis.com/assets/rbcits/js/sub/gmi/bbe-fr.js,200,application/x-javascript,0,2,2,0,Public script scanned; no credential values retained
bbe-fr-23.js,bbe-fr-23.js,exact,https://www.rbcis.com/assets/rbcits/js/sub/gmi/bbe-fr-23.js,200,application/x-javascript,0,2,2,0,Public script scanned; no credential values retained
bulletin-ccm.js,bulletin-ccm.js,exact,https://www.rbcis.com/assets/rbcits/js/sub/gmi/bulletin-ccm.js,200,application/x-javascript,0,2,2,0,Public script scanned; no credential values retained
bulletin-ccm-23.js,bulletin-ccm-23.js,exact,https://www.rbcis.com/assets/rbcits/js/sub/gmi/bulletin-ccm-23.js,200,application/x-javascript,0,2,2,0,Public script scanned; no credential values retained
bulletin-ccm-view.js,bulletin-ccm-view.js,exact,https://www.rbcis.com/assets/rbcits/js/sub/gmi/bulletin-ccm-view.js,200,application/x-javascript,0,1,1,0,Public script scanned; no credential values retained
bulletin-ccm-view-23.js,bulletin-ccm-view-23.js,exact,https://www.rbcis.com/assets/rbcits/js/sub/gmi/bulletin-ccm-view-23.js,200,application/x-javascript,0,1,1,0,Public script scanned; no credential values retained
calendar-events.js,calendar-events.js,exact,https://www.rbcis.com/assets/rbcits/js/sub/gmi/calendar-events.js,200,application/x-javascript,0,0,0,0,Public script scanned; no credential values retained
calendar-of-events-main.js,calendar-of-events-main.js,exact,https://www.rbcis.com/assets/rbcits/js/sub/gmi/calendar-of-events-main.js,200,application/x-javascript,0,0,0,0,Public script scanned; no credential values retained
canadian-market-news.js,canadian-market-news.js,exact,https://www.rbcis.com/assets/rbcits/js/sub/gmi/canadian-market-news.js,200,application/x-javascript,0,2,2,0,Public script scanned; no credential values retained
canadian-market-news.min.js,canadian-market-news.min.js,exact,https://www.rbcis.com/assets/rbcits/js/sub/gmi/canadian-market-news.min.js,200,application/x-javascript,0,2,2,0,Public script scanned; no credential values retained
canadian-market-news-23.js,canadian-market-news-23.js,exact,https://www.rbcis.com/assets/rbcits/js/sub/gmi/canadian-market-news-23.js,200,application/x-javascript,0,2,2,0,Public script scanned; no credential values retained
canadian-market-news-23.min.js,canadian-market-news-23.min.js,exact,https://www.rbcis.com/assets/rbcits/js/sub/gmi/canadian-market-news-23.min.js,200,application/x-javascript,0,2,2,0,Public script scanned; no credential values retained
custom-market-profile.js,custom-market-profile.js,exact,https://www.rbcis.com/assets/rbcits/js/sub/gmi/custom-market-profile.js,200,application/x-javascript,0,0,0,0,Public script scanned; no credential values retained
custom-terms-conditions.js,custom-terms-conditions.js,exact,https://www.rbcis.com/assets/rbcits/js/sub/gmi/custom-terms-conditions.js,200,application/x-javascript,0,0,0,0,Public script scanned; no credential values retained
download-market.js,download-market.js,exact,https://www.rbcis.com/assets/rbcits/js/sub/gmi/download-market.js,200,application/x-javascript,0,0,0,0,Public script scanned; no credential values retained
entitlements-js,entitlements.js,inferred extension,https://www.rbcis.com/assets/rbcits/js/sub/gmi/entitlements.js,200,application/x-javascript,0,0,0,0,Public script scanned; no credential values retained
entitlements-2025-js,entitlements-2025.js,inferred extension,https://www.rbcis.com/assets/rbcits/js/sub/gmi/entitlements-2025.js,200,application/x-javascript,0,0,0,0,Public script scanned; no credential values retained
entitlements-23.js,entitlements-23.js,exact,https://www.rbcis.com/assets/rbcits/js/sub/gmi/entitlements-23.js,200,application/x-javascript,0,0,0,0,Public script scanned; no credential values retained
entitlements-25.js,entitlements-25.js,exact,https://www.rbcis.com/assets/rbcits/js/sub/gmi/entitlements-25.js,200,application/x-javascript,0,0,0,0,Public script scanned; no credential values retained
fullcalendar.2.min.js,fullcalendar.2.min.js,exact,https://www.rbcis.com/assets/rbcits/js/sub/gmi/fullcalendar.2.min.js,200,application/x-javascript,0,0,0,0,Public script scanned; no credential values retained
gmi-global-custody-login.js,gmi-global-custody-login.js,exact,https://www.rbcis.com/assets/rbcits/js/sub/gmi/gmi-global-custody-login.js,200,application/x-javascript,0,0,0,0,Public script scanned; no credential values retained
gmi-main-column-fix.js,gmi-main-column-fix.js,exact,https://www.rbcis.com/assets/rbcits/js/sub/gmi/gmi-main-column-fix.js,200,application/x-javascript,0,0,0,0,Public script scanned; no credential values retained
gmi-main-column-fix-fr.js,gmi-main-column-fix-fr.js,exact,https://www.rbcis.com/assets/rbcits/js/sub/gmi/gmi-main-column-fix-fr.js,200,application/x-javascript,0,0,0,0,Public script scanned; no credential values retained
gmi-marketview-table.js,gmi-marketview-table.js,exact,https://www.rbcis.com/assets/rbcits/js/sub/gmi/gmi-marketview-table.js,200,application/x-javascript,0,0,0,0,Public script scanned; no credential values retained
gmi-redirect.js,gmi-redirect.js,exact,https://www.rbcis.com/assets/rbcits/js/sub/gmi/gmi-redirect.js,200,application/x-javascript,0,0,0,0,Public script scanned; no credential values retained
gmi-tc-login.js,gmi-tc-login.js,exact,https://www.rbcis.com/assets/rbcits/js/sub/gmi/gmi-tc-login.js,200,application/x-javascript,0,0,0,0,Public script scanned; no credential values retained
hide-holidays.js,hide-holidays.js,exact,https://www.rbcis.com/assets/rbcits/js/sub/gmi/hide-holidays.js,200,application/x-javascript,2,0,0,0,Public script scanned; no credential values retained
holiday-calendar.2.js,holiday-calendar.2.js,exact,https://www.rbcis.com/assets/rbcits/js/sub/gmi/holiday-calendar.2.js,200,application/x-javascript,0,2,0,0,Public script scanned; no credential values retained
holiday-calendar.2.min.js,holiday-calendar.2.min.js,exact,https://www.rbcis.com/assets/rbcits/js/sub/gmi/holiday-calendar.2.min.js,200,application/x-javascript,0,2,0,0,Public script scanned; no credential values retained
holiday-calendar.js,holiday-calendar.js,exact,https://www.rbcis.com/assets/rbcits/js/sub/gmi/holiday-calendar.js,200,application/x-javascript,1,2,0,0,Public script scanned; no credential values retained
holiday-calendar.min.js,holiday-calendar.min.js,exact,https://www.rbcis.com/assets/rbcits/js/sub/gmi/holiday-calendar.min.js,200,application/x-javascript,0,2,0,0,Public script scanned; no credential values retained
holiday-calendar-23.1-bundle.js,holiday-calendar-23.1-bundle.js,exact,https://www.rbcis.com/assets/rbcits/js/sub/gmi/holiday-calendar-23.1-bundle.js,200,application/x-javascript,0,2,2,0,Public script scanned; no credential values retained
holiday-calendar-23.1-bundle.min.js,holiday-calendar-23.1-bundle.min.js,exact,https://www.rbcis.com/assets/rbcits/js/sub/gmi/holiday-calendar-23.1-bundle.min.js,200,application/x-javascript,0,2,2,0,Public script scanned; no credential values retained
holiday-calendar-23.min.js,holiday-calendar-23.min.js,exact,https://www.rbcis.com/assets/rbcits/js/sub/gmi/holiday-calendar-23.min.js,200,application/x-javascript,0,2,1,0,Public script scanned; no credential values retained
holiday-calendar-23-test.js,holiday-calendar-23-test.js,exact,https://www.rbcis.com/assets/rbcits/js/sub/gmi/holiday-calendar-23-test.js,200,application/x-javascript,0,2,2,0,Public script scanned; no credential values retained
holiday-calendar-24.1-bundle.js,holiday-calendar-24.1-bundle.js,exact,https://www.rbcis.com/assets/rbcits/js/sub/gmi/holiday-calendar-24.1-bundle.js,200,application/x-javascript,1,2,0,0,Public script scanned; no credential values retained
holiday-calendar-25-1-bundle.js,holiday-calendar-25-1-bundle.js,exact,https://www.rbcis.com/assets/rbcits/js/sub/gmi/holiday-calendar-25-1-bundle.js,200,application/x-javascript,0,2,0,0,Public script scanned; no credential values retained
holiday-calendar-26-1-bundle.js,holiday-calendar-26-1-bundle.js,exact,https://www.rbcis.com/assets/rbcits/js/sub/gmi/holiday-calendar-26-1-bundle.js,200,application/x-javascript,1,2,0,0,Public script scanned; no credential values retained
holiday-calendar-26-bundle-fr.js,holiday-calendar-26-bundle-fr.js,exact,https://www.rbcis.com/assets/rbcits/js/sub/gmi/holiday-calendar-26-bundle-fr.js,200,application/x-javascript,0,2,0,0,Public script scanned; no credential values retained
holiday-calendar-bundle.js,holiday-calendar-bundle.js,exact,https://www.rbcis.com/assets/rbcits/js/sub/gmi/holiday-calendar-bundle.js,200,application/x-javascript,0,2,2,0,Public script scanned; no credential values retained
holiday-calendar-bundle.min.js,holiday-calendar-bundle.min.js,exact,https://www.rbcis.com/assets/rbcits/js/sub/gmi/holiday-calendar-bundle.min.js,200,application/x-javascript,0,2,2,0,Public script scanned; no credential values retained
holiday-calendar-bundle2.min.js,holiday-calendar-bundle2.min.js,exact,https://www.rbcis.com/assets/rbcits/js/sub/gmi/holiday-calendar-bundle2.min.js,200,application/x-javascript,0,2,0,0,Public script scanned; no credential values retained
holiday-calendar-bundle-2-23.min.js,holiday-calendar-bundle-2-23.min.js,exact,https://www.rbcis.com/assets/rbcits/js/sub/gmi/holiday-calendar-bundle-2-23.min.js,200,application/x-javascript,0,2,1,0,Public script scanned; no credential values retained
holiday-calendar-bundle-23.js,holiday-calendar-bundle-23.js,exact,https://www.rbcis.com/assets/rbcits/js/sub/gmi/holiday-calendar-bundle-23.js,200,application/x-javascript,0,2,2,0,Public script scanned; no credential values retained
holiday-calendar-bundle-23.min.js,holiday-calendar-bundle-23.min.js,exact,https://www.rbcis.com/assets/rbcits/js/sub/gmi/holiday-calendar-bundle-23.min.js,200,application/x-javascript,0,2,2,0,Public script scanned; no credential values retained
holiday-calendar-bundle-test.min.js,holiday-calendar-bundle-test.min.js,exact,https://www.rbcis.com/assets/rbcits/js/sub/gmi/holiday-calendar-bundle-test.min.js,200,application/x-javascript,0,2,0,0,Public script scanned; no credential values retained
holiday-calendar-bundle-test-23.min.js,holiday-calendar-bundle-test-23.min.js,exact,https://www.rbcis.com/assets/rbcits/js/sub/gmi/holiday-calendar-bundle-test-23.min.js,200,application/x-javascript,0,2,2,0,Public script scanned; no credential values retained
holiday-calendar-v2.js,holiday-calendar-v2.js,exact,https://www.rbcis.com/assets/rbcits/js/sub/gmi/holiday-calendar-v2.js,200,application/x-javascript,0,2,0,0,Public script scanned; no credential values retained
holidays-dropdowns.js,holidays-dropdowns.js,exact,https://www.rbcis.com/assets/rbcits/js/sub/gmi/holidays-dropdowns.js,200,application/x-javascript,0,0,0,0,Public script scanned; no credential values retained
html2canvas.js,html2canvas.js,exact,https://www.rbcis.com/assets/rbcits/js/sub/gmi/html2canvas.js,200,application/x-javascript,0,0,0,0,Public script scanned; no credential values retained
html2pdf.js,html2pdf.js,exact,https://www.rbcis.com/assets/rbcits/js/sub/gmi/html2pdf.js,200,application/x-javascript,0,0,0,0,Public script scanned; no credential values retained
jspdf.min.js,jspdf.min.js,exact,https://www.rbcis.com/assets/rbcits/js/sub/gmi/jspdf.min.js,200,application/x-javascript,2,0,0,0,Public script scanned; no credential values retained
jspdf.plugin.autotable.min.js,jspdf.plugin.autotable.min.js,exact,https://www.rbcis.com/assets/rbcits/js/sub/gmi/jspdf.plugin.autotable.min.js,200,application/x-javascript,2,0,0,0,Public script scanned; no credential values retained
mainpage.js,mainpage.js,exact,https://www.rbcis.com/assets/rbcits/js/sub/gmi/mainpage.js,200,application/x-javascript,2,2,0,0,Public script scanned; no credential values retained
mainpage-23.js,mainpage-23.js,exact,https://www.rbcis.com/assets/rbcits/js/sub/gmi/mainpage-23.js,200,application/x-javascript,0,4,4,0,Public script scanned; no credential values retained
market-newsflash.js,market-newsflash.js,exact,https://www.rbcis.com/assets/rbcits/js/sub/gmi/market-newsflash.js,200,application/x-javascript,0,2,2,0,Public script scanned; no credential values retained
market-newsflash-23.js,market-newsflash-23.js,exact,https://www.rbcis.com/assets/rbcits/js/sub/gmi/market-newsflash-23.js,200,application/x-javascript,0,2,2,0,Public script scanned; no credential values retained
market-newsflash-23-fr.js,market-newsflash-23-fr.js,exact,https://www.rbcis.com/assets/rbcits/js/sub/gmi/market-newsflash-23-fr.js,200,application/x-javascript,0,2,2,0,Public script scanned; no credential values retained
marketnewsflash-24-1-fr.js,marketnewsflash-24-1-fr.js,exact,https://www.rbcis.com/assets/rbcits/js/sub/gmi/marketnewsflash-24-1-fr.js,200,application/x-javascript,0,0,0,0,Public script scanned; no credential values retained
market-newsflash-25.js,market-newsflash-25.js,exact,https://www.rbcis.com/assets/rbcits/js/sub/gmi/market-newsflash-25.js,200,application/x-javascript,1,2,2,0,Public script scanned; no credential values retained
market-newsflash-25-fr.js,market-newsflash-25-fr.js,exact,https://www.rbcis.com/assets/rbcits/js/sub/gmi/market-newsflash-25-fr.js,200,application/x-javascript,1,2,2,0,Public script scanned; no credential values retained
market-newsflash-view.js,market-newsflash-view.js,exact,https://www.rbcis.com/assets/rbcits/js/sub/gmi/market-newsflash-view.js,200,application/x-javascript,0,1,1,0,Public script scanned; no credential values retained
market-newsflash-view-23.js,market-newsflash-view-23.js,exact,https://www.rbcis.com/assets/rbcits/js/sub/gmi/market-newsflash-view-23.js,200,application/x-javascript,0,1,1,0,Public script scanned; no credential values retained
market-newsflash-view-23-fr.js,market-newsflash-view-23-fr.js,exact,https://www.rbcis.com/assets/rbcits/js/sub/gmi/market-newsflash-view-23-fr.js,200,application/x-javascript,0,1,1,0,Public script scanned; no credential values retained
market-newsflash-view-25.js,market-newsflash-view-25.js,exact,https://www.rbcis.com/assets/rbcits/js/sub/gmi/market-newsflash-view-25.js,200,application/x-javascript,0,1,1,0,Public script scanned; no credential values retained
market-newsflash-view-25-fr.js,market-newsflash-view-25-fr.js,exact,https://www.rbcis.com/assets/rbcits/js/sub/gmi/market-newsflash-view-25-fr.js,200,application/x-javascript,0,1,1,0,Public script scanned; no credential values retained
market-newsflash-view-test.js,market-newsflash-view-test.js,exact,https://www.rbcis.com/assets/rbcits/js/sub/gmi/market-newsflash-view-test.js,200,application/x-javascript,0,1,0,0,Public script scanned; no credential values retained
market-profile.js,market-profile.js,exact,https://www.rbcis.com/assets/rbcits/js/sub/gmi/market-profile.js,200,application/x-javascript,0,0,0,0,Public script scanned; no credential values retained
market-profile-preview.js,market-profile-preview.js,exact,https://www.rbcis.com/assets/rbcits/js/sub/gmi/market-profile-preview.js,200,application/x-javascript,0,0,0,0,Public script scanned; no credential values retained
market-profile-qa.js,market-profile-qa.js,exact,https://www.rbcis.com/assets/rbcits/js/sub/gmi/market-profile-qa.js,200,application/x-javascript,0,0,0,0,Public script scanned; no credential values retained
market-profiles.js,market-profiles.js,exact,https://www.rbcis.com/assets/rbcits/js/sub/gmi/market-profiles.js,200,application/x-javascript,2,0,0,0,Public script scanned; no credential values retained
market-profiles-fr.js,market-profiles-fr.js,exact,https://www.rbcis.com/assets/rbcits/js/sub/gmi/market-profiles-fr.js,200,application/x-javascript,0,0,0,0,Public script scanned; no credential values retained
market-profiles-secured.js,market-profiles-secured.js,exact,https://www.rbcis.com/assets/rbcits/js/sub/gmi/market-profiles-secured.js,200,application/x-javascript,0,0,0,0,Public script scanned; no credential values retained
media-inquiries-responsive.js,media-inquiries-responsive.js,exact,https://www.rbcis.com/assets/rbcits/js/sub/gmi/media-inquiries-responsive.js,200,application/x-javascript,1,0,0,0,Public script scanned; no credential values retained
moment.min.js,moment.min.js,exact,https://www.rbcis.com/assets/rbcits/js/sub/gmi/moment.min.js,200,application/x-javascript,0,0,0,0,Public script scanned; no credential values retained
operational-updates.js,operational-updates.js,exact,https://www.rbcis.com/assets/rbcits/js/sub/gmi/operational-updates.js,200,application/x-javascript,0,2,1,0,Public script scanned; no credential values retained
operational-updates.min.js,operational-updates.min.js,exact,https://www.rbcis.com/assets/rbcits/js/sub/gmi/operational-updates.min.js,200,application/x-javascript,0,2,2,0,Public script scanned; no credential values retained
operational-updates-23.min.js,operational-updates-23.min.js,exact,https://www.rbcis.com/assets/rbcits/js/sub/gmi/operational-updates-23.min.js,200,application/x-javascript,0,2,2,0,Public script scanned; no credential values retained
regulatory-24.js,regulatory-24.js,exact,https://www.rbcis.com/assets/rbcits/js/sub/gmi/regulatory-24.js,200,application/x-javascript,0,0,0,0,Public script scanned; no credential values retained
regulatory-24-1.js,regulatory-24-1.js,exact,https://www.rbcis.com/assets/rbcits/js/sub/gmi/regulatory-24-1.js,200,application/x-javascript,0,0,0,0,Public script scanned; no credential values retained
regulatory-news.js,regulatory-news.js,exact,https://www.rbcis.com/assets/rbcits/js/sub/gmi/regulatory-news.js,200,application/x-javascript,0,0,0,0,Public script scanned; no credential values retained
secnav-Js,secnav.js,inferred extension,https://www.rbcis.com/assets/rbcits/js/sub/gmi/secnav.js,200,application/x-javascript,4,0,0,0,Public script scanned; no credential values retained
tax-bulletins.js,tax-bulletins.js,exact,https://www.rbcis.com/assets/rbcits/js/sub/gmi/tax-bulletins.js,200,application/x-javascript,1,2,2,0,Public script scanned; no credential values retained
tax-bulletins-23.js,tax-bulletins-23.js,exact,https://www.rbcis.com/assets/rbcits/js/sub/gmi/tax-bulletins-23.js,200,application/x-javascript,1,2,2,0,Public script scanned; no credential values retained
tax-bulletins-25.js,tax-bulletins-25.js,exact,https://www.rbcis.com/assets/rbcits/js/sub/gmi/tax-bulletins-25.js,200,application/x-javascript,0,2,2,0,Public script scanned; no credential values retained
tax-bulletins-trust.js,tax-bulletins-trust.js,exact,https://www.rbcis.com/assets/rbcits/js/sub/gmi/tax-bulletins-trust.js,200,application/x-javascript,0,2,2,0,Public script scanned; no credential values retained
tax-bulletins-trust-23.js,tax-bulletins-trust-23.js,exact,https://www.rbcis.com/assets/rbcits/js/sub/gmi/tax-bulletins-trust-23.js,200,application/x-javascript,0,2,2,0,Public script scanned; no credential values retained
tax-bulletins-trust-25.js,tax-bulletins-trust-25.js,exact,https://www.rbcis.com/assets/rbcits/js/sub/gmi/tax-bulletins-trust-25.js,200,application/x-javascript,0,2,2,0,Public script scanned; no credential values retained
tcmarket.2.js,tcmarket.2.js,exact,https://www.rbcis.com/assets/rbcits/js/sub/gmi/tcmarket.2.js,200,application/x-javascript,0,0,0,0,Public script scanned; no credential values retained
tcmarket.js,tcmarket.js,exact,https://www.rbcis.com/assets/rbcits/js/sub/gmi/tcmarket.js,200,application/x-javascript,0,0,0,0,Public script scanned; no credential values retained
tcmarket2.js,tcmarket2.js,exact,https://www.rbcis.com/assets/rbcits/js/sub/gmi/tcmarket2.js,200,application/x-javascript,0,0,0,0,Public script scanned; no credential values retained
tcs-asia.js,tcs-asia.js,exact,https://www.rbcis.com/assets/rbcits/js/sub/gmi/tcs-asia.js,200,application/x-javascript,0,4,4,0,Public script scanned; no credential values retained
tcs-asia-23.js,tcs-asia-23.js,exact,https://www.rbcis.com/assets/rbcits/js/sub/gmi/tcs-asia-23.js,200,application/x-javascript,0,4,4,0,Public script scanned; no credential values retained
tcs-australia.js,tcs-australia.js,exact,https://www.rbcis.com/assets/rbcits/js/sub/gmi/tcs-australia.js,200,application/x-javascript,0,4,4,0,Public script scanned; no credential values retained
tcs-australia-23.js,tcs-australia-23.js,exact,https://www.rbcis.com/assets/rbcits/js/sub/gmi/tcs-australia-23.js,200,application/x-javascript,0,4,4,0,Public script scanned; no credential values retained
tcs-domestic.js,tcs-domestic.js,exact,https://www.rbcis.com/assets/rbcits/js/sub/gmi/tcs-domestic.js,200,application/x-javascript,0,4,4,0,Public script scanned; no credential values retained
tcs-domestic-23.js,tcs-domestic-23.js,exact,https://www.rbcis.com/assets/rbcits/js/sub/gmi/tcs-domestic-23.js,200,application/x-javascript,0,4,4,0,Public script scanned; no credential values retained
tcs-europe.js,tcs-europe.js,exact,https://www.rbcis.com/assets/rbcits/js/sub/gmi/tcs-europe.js,200,application/x-javascript,0,4,4,0,Public script scanned; no credential values retained
tcs-europe-23.js,tcs-europe-23.js,exact,https://www.rbcis.com/assets/rbcits/js/sub/gmi/tcs-europe-23.js,200,application/x-javascript,0,4,4,0,Public script scanned; no credential values retained
tcs-global.js,tcs-global.js,exact,https://www.rbcis.com/assets/rbcits/js/sub/gmi/tcs-global.js,200,application/x-javascript,0,4,4,0,Public script scanned; no credential values retained
tcs-global-23.js,tcs-global-23.js,exact,https://www.rbcis.com/assets/rbcits/js/sub/gmi/tcs-global-23.js,200,application/x-javascript,0,4,4,0,Public script scanned; no credential values retained
tcs-global-24.js,tcs-global-24.js,exact,https://www.rbcis.com/assets/rbcits/js/sub/gmi/tcs-global-24.js,200,application/x-javascript,0,4,4,0,Public script scanned; no credential values retained
thomasmurray-newsflash-24.js,thomasmurray-newsflash-24.js,exact,https://www.rbcis.com/assets/rbcits/js/sub/gmi/thomasmurray-newsflash-24.js,200,application/x-javascript,0,2,2,0,Public script scanned; no credential values retained
thomasmurray-newsflash-view-24.js,thomasmurray-newsflash-view-24.js,exact,https://www.rbcis.com/assets/rbcits/js/sub/gmi/thomasmurray-newsflash-view-24.js,200,application/x-javascript,0,1,1,0,Public script scanned; no credential values retained
updates.js,updates.js,exact,https://www.rbcis.com/assets/rbcits/js/sub/gmi/updates.js,200,application/x-javascript,0,2,2,0,Public script scanned; no credential values retained
updates-23.js,updates-23.js,exact,https://www.rbcis.com/assets/rbcits/js/sub/gmi/updates-23.js,200,application/x-javascript,0,2,2,0,Public script scanned; no credential values retained
updates-25-js,updates-25.js,inferred extension,https://www.rbcis.com/assets/rbcits/js/sub/gmi/updates-25.js,200,application/x-javascript,2,2,2,0,Public script scanned; no credential values retained
