finding_id,page_url,js_source,line,endpoint_expression,http_method,execution_side,page_access,api_auth_type,call_mechanism,confidence,summary
GMI-BAA18373,https://www.rbcis.com/en/gmi/global-custody.page,https://www.rbcis.com/assets/rbcits/js/sub/gmi/mainpage.js,28,https://apps.rbcits.com/GMIService/api/Search?gmiFormId=1&count=4,GET,Client,Public,No explicit auth observed (cookies may still apply),jQuery.ajax,Confirmed source occurrence,Public page statically includes a client-side jQuery.ajax GET call to https://apps.rbcits.com/GMIService/api/Search?gmiFormId=1&count=4. Authentication: No explicit auth observed (cookies may still apply).
GMI-D04C4C29,https://www.rbcis.com/en/gmi/global-custody.page,https://www.rbcis.com/assets/rbcits/js/sub/gmi/mainpage.js,40,https://apps.rbcits.com/GMIService/api/Search?gmiFormId=3&count=4,GET,Client,Public,No explicit auth observed (cookies may still apply),jQuery.ajax,Confirmed source occurrence,Public page statically includes a client-side jQuery.ajax GET call to https://apps.rbcits.com/GMIService/api/Search?gmiFormId=3&count=4. Authentication: No explicit auth observed (cookies may still apply).
GMI-2ADE238D,https://www.rbcis.com/en/gmi/global-custody/holiday-calendar.page,https://www.rbcis.com/assets/rbcits/js/sub/gmi/holiday-calendar-26-1-bundle.js,456,https://apps.rbcits.com/GMIService/api/Search?gmiFormId=5&date=self.selectedDay(),GET,Client,Public,No explicit auth observed (cookies may still apply),jQuery.ajax,Confirmed source occurrence,Public page statically includes a client-side jQuery.ajax GET call to https://apps.rbcits.com/GMIService/api/Search?gmiFormId=5&date=self.selectedDay(). Authentication: No explicit auth observed (cookies may still apply).
GMI-90D01656,https://www.rbcis.com/en/gmi/global-custody/holiday-calendar.page,https://www.rbcis.com/assets/rbcits/js/sub/gmi/holiday-calendar-26-1-bundle.js,587,https://apps.rbcits.com/GMIService/api/Search?gmiFormId=5,GET,Client,Public,No explicit auth observed (cookies may still apply),jQuery.ajax,Confirmed source occurrence,Public page statically includes a client-side jQuery.ajax GET call to https://apps.rbcits.com/GMIService/api/Search?gmiFormId=5. Authentication: No explicit auth observed (cookies may still apply).
GMI-A56A3604,https://www.rbcis.com/en/gmi/global-custody/market-newsflash.page,https://www.rbcis.com/assets/rbcits/js/sub/gmi/market-newsflash-25.js,27,https://apps.rbcits.com/GMIService/api/Search?gmiFormId=1&count=20,GET,Client,Public,Client-embedded credential (Basic),jQuery.ajax,Confirmed source occurrence,Public page statically includes a client-side jQuery.ajax GET call to https://apps.rbcits.com/GMIService/api/Search?gmiFormId=1&count=20. Authentication: Client-embedded credential (Basic).
GMI-5746D036,https://www.rbcis.com/en/gmi/global-custody/market-newsflash.page,https://www.rbcis.com/assets/rbcits/js/sub/gmi/market-newsflash-25.js,95,https://apps.rbcits.com/GMIService/api/Search?gmiFormId=1,GET,Client,Public,Client-embedded credential (Basic),jQuery.ajax,Confirmed source occurrence,Public page statically includes a client-side jQuery.ajax GET call to https://apps.rbcits.com/GMIService/api/Search?gmiFormId=1. Authentication: Client-embedded credential (Basic).
GMI-057CCA83,https://www.rbcis.com/en/gmi/global-custody/tax-profiles.page,https://www.rbcis.com/assets/rbcits/js/sub/gmi/tax-bulletins-23.js,26,https://apps.rbcits.com/GMIService/api/Search?gmiFormId=2&count=20,GET,Client,Public,Client-embedded credential (Basic),jQuery.ajax,Confirmed source occurrence,Public page statically includes a client-side jQuery.ajax GET call to https://apps.rbcits.com/GMIService/api/Search?gmiFormId=2&count=20. Authentication: Client-embedded credential (Basic).
GMI-58854AEB,https://www.rbcis.com/en/gmi/global-custody/tax-profiles.page,https://www.rbcis.com/assets/rbcits/js/sub/gmi/tax-bulletins-23.js,101,https://apps.rbcits.com/GMIService/api/Search?gmiFormId=2,GET,Client,Public,Client-embedded credential (Basic),jQuery.ajax,Confirmed source occurrence,Public page statically includes a client-side jQuery.ajax GET call to https://apps.rbcits.com/GMIService/api/Search?gmiFormId=2. Authentication: Client-embedded credential (Basic).
GMI-DC111F17,https://www.rbcis.com/en/gmi/global-custody/updates.page,https://www.rbcis.com/assets/rbcits/js/sub/gmi/updates-25.js,24,https://apps.rbcits.com/GMIService/api/Search?gmiFormId=3&count=10,GET,Client,Public,Client-embedded credential (Basic),jQuery.ajax,Confirmed source occurrence,Public page statically includes a client-side jQuery.ajax GET call to https://apps.rbcits.com/GMIService/api/Search?gmiFormId=3&count=10. Authentication: Client-embedded credential (Basic).
GMI-D38CC62E,https://www.rbcis.com/en/gmi/global-custody/updates.page,https://www.rbcis.com/assets/rbcits/js/sub/gmi/updates-25.js,92,https://apps.rbcits.com/GMIService/api/Search?gmiFormId=3,GET,Client,Public,Client-embedded credential (Basic),jQuery.ajax,Confirmed source occurrence,Public page statically includes a client-side jQuery.ajax GET call to https://apps.rbcits.com/GMIService/api/Search?gmiFormId=3. Authentication: Client-embedded credential (Basic).
GMI-BEA607D6,https://www.rbcis.com/fr/gmi/global-custody.page,https://www.rbcis.com/assets/rbcits/js/sub/gmi/mainpage.js,28,https://apps.rbcits.com/GMIService/api/Search?gmiFormId=1&count=4,GET,Client,Public,No explicit auth observed (cookies may still apply),jQuery.ajax,Confirmed source occurrence,Public page statically includes a client-side jQuery.ajax GET call to https://apps.rbcits.com/GMIService/api/Search?gmiFormId=1&count=4. Authentication: No explicit auth observed (cookies may still apply).
GMI-95CD73F8,https://www.rbcis.com/fr/gmi/global-custody.page,https://www.rbcis.com/assets/rbcits/js/sub/gmi/mainpage.js,40,https://apps.rbcits.com/GMIService/api/Search?gmiFormId=3&count=4,GET,Client,Public,No explicit auth observed (cookies may still apply),jQuery.ajax,Confirmed source occurrence,Public page statically includes a client-side jQuery.ajax GET call to https://apps.rbcits.com/GMIService/api/Search?gmiFormId=3&count=4. Authentication: No explicit auth observed (cookies may still apply).
GMI-7B086A9F,https://www.rbcis.com/fr/gmi/global-custody/holiday-calendar.page,https://www.rbcis.com/assets/rbcits/js/sub/gmi/holiday-calendar-24.1-bundle.js,456,https://apps.rbcits.com/GMIService/api/Search?gmiFormId=5&date=self.selectedDay(),GET,Client,Public,No explicit auth observed (cookies may still apply),jQuery.ajax,Confirmed source occurrence,Public page statically includes a client-side jQuery.ajax GET call to https://apps.rbcits.com/GMIService/api/Search?gmiFormId=5&date=self.selectedDay(). Authentication: No explicit auth observed (cookies may still apply).
GMI-AEA89090,https://www.rbcis.com/fr/gmi/global-custody/holiday-calendar.page,https://www.rbcis.com/assets/rbcits/js/sub/gmi/holiday-calendar-24.1-bundle.js,587,https://apps.rbcits.com/GMIService/api/Search?gmiFormId=5,GET,Client,Public,No explicit auth observed (cookies may still apply),jQuery.ajax,Confirmed source occurrence,Public page statically includes a client-side jQuery.ajax GET call to https://apps.rbcits.com/GMIService/api/Search?gmiFormId=5. Authentication: No explicit auth observed (cookies may still apply).
GMI-C441AF9E,https://www.rbcis.com/fr/gmi/global-custody/holiday-calendar.page,https://www.rbcis.com/assets/rbcits/js/sub/gmi/holiday-calendar.js,160,https://apps.rbcits.com/GMIService/api/Search?gmiFormId=5&date=self.selectedDay(),GET,Client,Public,No explicit auth observed (cookies may still apply),jQuery.ajax,Confirmed source occurrence,Public page statically includes a client-side jQuery.ajax GET call to https://apps.rbcits.com/GMIService/api/Search?gmiFormId=5&date=self.selectedDay(). Authentication: No explicit auth observed (cookies may still apply).
GMI-3A580A69,https://www.rbcis.com/fr/gmi/global-custody/holiday-calendar.page,https://www.rbcis.com/assets/rbcits/js/sub/gmi/holiday-calendar.js,290,https://apps.rbcits.com/GMIService/api/Search?gmiFormId=5,GET,Client,Public,No explicit auth observed (cookies may still apply),jQuery shorthand,Confirmed source occurrence,Public page statically includes a client-side jQuery shorthand GET call to https://apps.rbcits.com/GMIService/api/Search?gmiFormId=5. Authentication: No explicit auth observed (cookies may still apply).
GMI-1C1E6C9E,https://www.rbcis.com/fr/gmi/global-custody/market-newsflash.page,https://www.rbcis.com/assets/rbcits/js/sub/gmi/market-newsflash-25-fr.js,27,https://apps.rbcits.com/GMIService/api/Search?gmiFormId=1&count=20,GET,Client,Public,Client-embedded credential (Basic),jQuery.ajax,Confirmed source occurrence,Public page statically includes a client-side jQuery.ajax GET call to https://apps.rbcits.com/GMIService/api/Search?gmiFormId=1&count=20. Authentication: Client-embedded credential (Basic).
GMI-46AB2FA0,https://www.rbcis.com/fr/gmi/global-custody/market-newsflash.page,https://www.rbcis.com/assets/rbcits/js/sub/gmi/market-newsflash-25-fr.js,95,https://apps.rbcits.com/GMIService/api/Search?gmiFormId=1,GET,Client,Public,Client-embedded credential (Basic),jQuery.ajax,Confirmed source occurrence,Public page statically includes a client-side jQuery.ajax GET call to https://apps.rbcits.com/GMIService/api/Search?gmiFormId=1. Authentication: Client-embedded credential (Basic).
GMI-E85B3980,https://www.rbcis.com/fr/gmi/global-custody/tax-profiles.page,https://www.rbcis.com/assets/rbcits/js/sub/gmi/tax-bulletins.js,26,https://apps.rbcits.com/GMIService/api/Search?gmiFormId=2&count=20,GET,Client,Public,Client-embedded credential (Basic),jQuery.ajax,Confirmed source occurrence,Public page statically includes a client-side jQuery.ajax GET call to https://apps.rbcits.com/GMIService/api/Search?gmiFormId=2&count=20. Authentication: Client-embedded credential (Basic).
GMI-529E2C1A,https://www.rbcis.com/fr/gmi/global-custody/tax-profiles.page,https://www.rbcis.com/assets/rbcits/js/sub/gmi/tax-bulletins.js,101,https://apps.rbcits.com/GMIService/api/Search?gmiFormId=2,GET,Client,Public,Client-embedded credential (Basic),jQuery.ajax,Confirmed source occurrence,Public page statically includes a client-side jQuery.ajax GET call to https://apps.rbcits.com/GMIService/api/Search?gmiFormId=2. Authentication: Client-embedded credential (Basic).
GMI-EEB30E9C,https://www.rbcis.com/fr/gmi/global-custody/updates.page,https://www.rbcis.com/assets/rbcits/js/sub/gmi/updates-25.js,24,https://apps.rbcits.com/GMIService/api/Search?gmiFormId=3&count=10,GET,Client,Public,Client-embedded credential (Basic),jQuery.ajax,Confirmed source occurrence,Public page statically includes a client-side jQuery.ajax GET call to https://apps.rbcits.com/GMIService/api/Search?gmiFormId=3&count=10. Authentication: Client-embedded credential (Basic).
GMI-A9CACC47,https://www.rbcis.com/fr/gmi/global-custody/updates.page,https://www.rbcis.com/assets/rbcits/js/sub/gmi/updates-25.js,92,https://apps.rbcits.com/GMIService/api/Search?gmiFormId=3,GET,Client,Public,Client-embedded credential (Basic),jQuery.ajax,Confirmed source occurrence,Public page statically includes a client-side jQuery.ajax GET call to https://apps.rbcits.com/GMIService/api/Search?gmiFormId=3. Authentication: Client-embedded credential (Basic).
GMI-6B3D6AEF,No importing page found among scanned pages,https://www.rbcis.com/assets/rbcits/js/sub/gmi/bbe-23.js,28,https://apps.rbcits.com/GMIService/api/Search?gmiFormId=6&count=6,GET,Client,Unmapped,Client-embedded credential (Basic),jQuery.ajax,Confirmed source occurrence,Listed script contains a client-side jQuery.ajax GET call to https://apps.rbcits.com/GMIService/api/Search?gmiFormId=6&count=6; no importing page found among rechecked pages. Authentication: Client-embedded credential (Basic).
GMI-F06A0E21,No importing page found among scanned pages,https://www.rbcis.com/assets/rbcits/js/sub/gmi/bbe-23.js,41,https://apps.rbcits.com/GMIService/api/Search?gmiFormId=8&count=6,GET,Client,Unmapped,Client-embedded credential (Basic),jQuery.ajax,Confirmed source occurrence,Listed script contains a client-side jQuery.ajax GET call to https://apps.rbcits.com/GMIService/api/Search?gmiFormId=8&count=6; no importing page found among rechecked pages. Authentication: Client-embedded credential (Basic).
GMI-2301D791,No importing page found among scanned pages,https://www.rbcis.com/assets/rbcits/js/sub/gmi/bbe-23.min.js,3,https://apps.rbcits.com/GMIService/api/Search?gmiFormId=6&count=6,GET,Client,Unmapped,Client-embedded credential (Basic),jQuery.ajax,Confirmed source occurrence,Listed script contains a client-side jQuery.ajax GET call to https://apps.rbcits.com/GMIService/api/Search?gmiFormId=6&count=6; no importing page found among rechecked pages. Authentication: Client-embedded credential (Basic).
GMI-61C4EE5F,No importing page found among scanned pages,https://www.rbcis.com/assets/rbcits/js/sub/gmi/bbe-23.min.js,3,https://apps.rbcits.com/GMIService/api/Search?gmiFormId=8&count=6,GET,Client,Unmapped,Client-embedded credential (Basic),jQuery.ajax,Confirmed source occurrence,Listed script contains a client-side jQuery.ajax GET call to https://apps.rbcits.com/GMIService/api/Search?gmiFormId=8&count=6; no importing page found among rechecked pages. Authentication: Client-embedded credential (Basic).
GMI-485D3584,No importing page found among scanned pages,https://www.rbcis.com/assets/rbcits/js/sub/gmi/bbe-cm-23.js,26,https://apps.rbcits.com/GMIService/api/Search?gmiFormId=15&count=6,GET,Client,Unmapped,Client-embedded credential (Basic),jQuery.ajax,Confirmed source occurrence,Listed script contains a client-side jQuery.ajax GET call to https://apps.rbcits.com/GMIService/api/Search?gmiFormId=15&count=6; no importing page found among rechecked pages. Authentication: Client-embedded credential (Basic).
GMI-2B82C6FE,No importing page found among scanned pages,https://www.rbcis.com/assets/rbcits/js/sub/gmi/bbe-cm-23.min.js,1,https://apps.rbcits.com/GMIService/api/Search?gmiFormId=15&count=6,GET,Client,Unmapped,Client-embedded credential (Basic),jQuery.ajax,Confirmed source occurrence,Listed script contains a client-side jQuery.ajax GET call to https://apps.rbcits.com/GMIService/api/Search?gmiFormId=15&count=6; no importing page found among rechecked pages. Authentication: Client-embedded credential (Basic).
GMI-190511AA,No importing page found among scanned pages,https://www.rbcis.com/assets/rbcits/js/sub/gmi/bbe-cm.js,26,https://apps.rbcits.com/GMIService/api/Search?gmiFormId=15&count=6,GET,Client,Unmapped,Client-embedded credential (Basic),jQuery.ajax,Confirmed source occurrence,Listed script contains a client-side jQuery.ajax GET call to https://apps.rbcits.com/GMIService/api/Search?gmiFormId=15&count=6; no importing page found among rechecked pages. Authentication: Client-embedded credential (Basic).
GMI-03F29F4C,No importing page found among scanned pages,https://www.rbcis.com/assets/rbcits/js/sub/gmi/bbe-cm.min.js,1,https://apps.rbcits.com/GMIService/api/Search?gmiFormId=15&count=6,GET,Client,Unmapped,Client-embedded credential (Basic),jQuery.ajax,Confirmed source occurrence,Listed script contains a client-side jQuery.ajax GET call to https://apps.rbcits.com/GMIService/api/Search?gmiFormId=15&count=6; no importing page found among rechecked pages. Authentication: Client-embedded credential (Basic).
GMI-71029B27,No importing page found among scanned pages,https://www.rbcis.com/assets/rbcits/js/sub/gmi/bbe-fr-23.js,28,https://apps.rbcits.com/GMIService/api/Search?gmiFormId=6&count=50,GET,Client,Unmapped,Client-embedded credential (Basic),jQuery.ajax,Confirmed source occurrence,Listed script contains a client-side jQuery.ajax GET call to https://apps.rbcits.com/GMIService/api/Search?gmiFormId=6&count=50; no importing page found among rechecked pages. Authentication: Client-embedded credential (Basic).
GMI-E478DF79,No importing page found among scanned pages,https://www.rbcis.com/assets/rbcits/js/sub/gmi/bbe-fr-23.js,40,https://apps.rbcits.com/GMIService/api/Search?gmiFormId=8&count=50,GET,Client,Unmapped,Client-embedded credential (Basic),jQuery.ajax,Confirmed source occurrence,Listed script contains a client-side jQuery.ajax GET call to https://apps.rbcits.com/GMIService/api/Search?gmiFormId=8&count=50; no importing page found among rechecked pages. Authentication: Client-embedded credential (Basic).
GMI-40F5D69D,No importing page found among scanned pages,https://www.rbcis.com/assets/rbcits/js/sub/gmi/bbe-fr.js,28,https://apps.rbcits.com/GMIService/api/Search?gmiFormId=6&count=50,GET,Client,Unmapped,Client-embedded credential (Basic),jQuery.ajax,Confirmed source occurrence,Listed script contains a client-side jQuery.ajax GET call to https://apps.rbcits.com/GMIService/api/Search?gmiFormId=6&count=50; no importing page found among rechecked pages. Authentication: Client-embedded credential (Basic).
GMI-09659E53,No importing page found among scanned pages,https://www.rbcis.com/assets/rbcits/js/sub/gmi/bbe-fr.js,40,https://apps.rbcits.com/GMIService/api/Search?gmiFormId=8&count=50,GET,Client,Unmapped,Client-embedded credential (Basic),jQuery.ajax,Confirmed source occurrence,Listed script contains a client-side jQuery.ajax GET call to https://apps.rbcits.com/GMIService/api/Search?gmiFormId=8&count=50; no importing page found among rechecked pages. Authentication: Client-embedded credential (Basic).
GMI-0FE37E63,No importing page found among scanned pages,https://www.rbcis.com/assets/rbcits/js/sub/gmi/bbe.js,28,https://apps.rbcits.com/GMIService/api/Search?gmiFormId=6&count=6,GET,Client,Unmapped,Client-embedded credential (Basic),jQuery.ajax,Confirmed source occurrence,Listed script contains a client-side jQuery.ajax GET call to https://apps.rbcits.com/GMIService/api/Search?gmiFormId=6&count=6; no importing page found among rechecked pages. Authentication: Client-embedded credential (Basic).
GMI-AF3119CD,No importing page found among scanned pages,https://www.rbcis.com/assets/rbcits/js/sub/gmi/bbe.js,41,https://apps.rbcits.com/GMIService/api/Search?gmiFormId=8&count=6,GET,Client,Unmapped,Client-embedded credential (Basic),jQuery.ajax,Confirmed source occurrence,Listed script contains a client-side jQuery.ajax GET call to https://apps.rbcits.com/GMIService/api/Search?gmiFormId=8&count=6; no importing page found among rechecked pages. Authentication: Client-embedded credential (Basic).
GMI-94761F6D,No importing page found among scanned pages,https://www.rbcis.com/assets/rbcits/js/sub/gmi/bbe.min.js,3,https://apps.rbcits.com/GMIService/api/Search?gmiFormId=6&count=6,GET,Client,Unmapped,Client-embedded credential (Basic),jQuery.ajax,Confirmed source occurrence,Listed script contains a client-side jQuery.ajax GET call to https://apps.rbcits.com/GMIService/api/Search?gmiFormId=6&count=6; no importing page found among rechecked pages. Authentication: Client-embedded credential (Basic).
GMI-BCFCAE83,No importing page found among scanned pages,https://www.rbcis.com/assets/rbcits/js/sub/gmi/bbe.min.js,3,https://apps.rbcits.com/GMIService/api/Search?gmiFormId=8&count=6,GET,Client,Unmapped,Client-embedded credential (Basic),jQuery.ajax,Confirmed source occurrence,Listed script contains a client-side jQuery.ajax GET call to https://apps.rbcits.com/GMIService/api/Search?gmiFormId=8&count=6; no importing page found among rechecked pages. Authentication: Client-embedded credential (Basic).
GMI-E6F42F51,No importing page found among scanned pages,https://www.rbcis.com/assets/rbcits/js/sub/gmi/bulletin-ccm-23.js,27,https://apps.rbcits.com/GMIService/api/Search?gmiFormId=15&count=20,GET,Client,Unmapped,Client-embedded credential (Basic),jQuery.ajax,Confirmed source occurrence,Listed script contains a client-side jQuery.ajax GET call to https://apps.rbcits.com/GMIService/api/Search?gmiFormId=15&count=20; no importing page found among rechecked pages. Authentication: Client-embedded credential (Basic).
GMI-1A5A3801,No importing page found among scanned pages,https://www.rbcis.com/assets/rbcits/js/sub/gmi/bulletin-ccm-23.js,95,https://apps.rbcits.com/GMIService/api/Search?gmiFormId=15,GET,Client,Unmapped,Client-embedded credential (Basic),jQuery.ajax,Confirmed source occurrence,Listed script contains a client-side jQuery.ajax GET call to https://apps.rbcits.com/GMIService/api/Search?gmiFormId=15; no importing page found among rechecked pages. Authentication: Client-embedded credential (Basic).
GMI-A84AD857,No importing page found among scanned pages,https://www.rbcis.com/assets/rbcits/js/sub/gmi/bulletin-ccm-view-23.js,146,https://apps.rbcits.com/GMIService/api/CADMarketNews/getUrlParameter('id'),GET,Client,Unmapped,Client-embedded credential (Basic),jQuery.ajax,Confirmed source occurrence,Listed script contains a client-side jQuery.ajax GET call to https://apps.rbcits.com/GMIService/api/CADMarketNews/getUrlParameter('id'); no importing page found among rechecked pages. Authentication: Client-embedded credential (Basic).
GMI-413CB42B,No importing page found among scanned pages,https://www.rbcis.com/assets/rbcits/js/sub/gmi/bulletin-ccm-view.js,146,https://apps.rbcits.com/GMIService/api/CADMarketNews/getUrlParameter('id'),GET,Client,Unmapped,Client-embedded credential (Basic),jQuery.ajax,Confirmed source occurrence,Listed script contains a client-side jQuery.ajax GET call to https://apps.rbcits.com/GMIService/api/CADMarketNews/getUrlParameter('id'); no importing page found among rechecked pages. Authentication: Client-embedded credential (Basic).
GMI-6B706D49,No importing page found among scanned pages,https://www.rbcis.com/assets/rbcits/js/sub/gmi/bulletin-ccm.js,27,https://apps.rbcits.com/GMIService/api/Search?gmiFormId=15&count=20,GET,Client,Unmapped,Client-embedded credential (Basic),jQuery.ajax,Confirmed source occurrence,Listed script contains a client-side jQuery.ajax GET call to https://apps.rbcits.com/GMIService/api/Search?gmiFormId=15&count=20; no importing page found among rechecked pages. Authentication: Client-embedded credential (Basic).
GMI-17298559,No importing page found among scanned pages,https://www.rbcis.com/assets/rbcits/js/sub/gmi/bulletin-ccm.js,95,https://apps.rbcits.com/GMIService/api/Search?gmiFormId=15,GET,Client,Unmapped,Client-embedded credential (Basic),jQuery.ajax,Confirmed source occurrence,Listed script contains a client-side jQuery.ajax GET call to https://apps.rbcits.com/GMIService/api/Search?gmiFormId=15; no importing page found among rechecked pages. Authentication: Client-embedded credential (Basic).
GMI-3E6A9F8D,No importing page found among scanned pages,https://www.rbcis.com/assets/rbcits/js/sub/gmi/canadian-market-news-23.js,27,https://apps.rbcits.com/GMIService/api/Search?gmiFormId=6&count=10,GET,Client,Unmapped,Client-embedded credential (Basic),jQuery.ajax,Confirmed source occurrence,Listed script contains a client-side jQuery.ajax GET call to https://apps.rbcits.com/GMIService/api/Search?gmiFormId=6&count=10; no importing page found among rechecked pages. Authentication: Client-embedded credential (Basic).
GMI-6AE00A78,No importing page found among scanned pages,https://www.rbcis.com/assets/rbcits/js/sub/gmi/canadian-market-news-23.js,95,https://apps.rbcits.com/GMIService/api/Search?gmiFormId=6,GET,Client,Unmapped,Client-embedded credential (Basic),jQuery.ajax,Confirmed source occurrence,Listed script contains a client-side jQuery.ajax GET call to https://apps.rbcits.com/GMIService/api/Search?gmiFormId=6; no importing page found among rechecked pages. Authentication: Client-embedded credential (Basic).
GMI-ECB88E67,No importing page found among scanned pages,https://www.rbcis.com/assets/rbcits/js/sub/gmi/canadian-market-news-23.min.js,3,https://apps.rbcits.com/GMIService/api/Search?gmiFormId=6&count=10,GET,Client,Unmapped,Client-embedded credential (Basic),jQuery.ajax,Confirmed source occurrence,Listed script contains a client-side jQuery.ajax GET call to https://apps.rbcits.com/GMIService/api/Search?gmiFormId=6&count=10; no importing page found among rechecked pages. Authentication: Client-embedded credential (Basic).
GMI-4E19F23B,No importing page found among scanned pages,https://www.rbcis.com/assets/rbcits/js/sub/gmi/canadian-market-news-23.min.js,5,"https://apps.rbcits.com/GMIService/api/Search?gmiFormId=6[],d=0",GET,Client,Unmapped,Client-embedded credential (Basic),jQuery.ajax,Confirmed source occurrence,"Listed script contains a client-side jQuery.ajax GET call to https://apps.rbcits.com/GMIService/api/Search?gmiFormId=6[],d=0; no importing page found among rechecked pages. Authentication: Client-embedded credential (Basic)."
GMI-6C4FF377,No importing page found among scanned pages,https://www.rbcis.com/assets/rbcits/js/sub/gmi/canadian-market-news.js,27,https://apps.rbcits.com/GMIService/api/Search?gmiFormId=6&count=10,GET,Client,Unmapped,Client-embedded credential (Basic),jQuery.ajax,Confirmed source occurrence,Listed script contains a client-side jQuery.ajax GET call to https://apps.rbcits.com/GMIService/api/Search?gmiFormId=6&count=10; no importing page found among rechecked pages. Authentication: Client-embedded credential (Basic).
GMI-32C17F8E,No importing page found among scanned pages,https://www.rbcis.com/assets/rbcits/js/sub/gmi/canadian-market-news.js,95,https://apps.rbcits.com/GMIService/api/Search?gmiFormId=6,GET,Client,Unmapped,Client-embedded credential (Basic),jQuery.ajax,Confirmed source occurrence,Listed script contains a client-side jQuery.ajax GET call to https://apps.rbcits.com/GMIService/api/Search?gmiFormId=6; no importing page found among rechecked pages. Authentication: Client-embedded credential (Basic).
GMI-315B01C1,No importing page found among scanned pages,https://www.rbcis.com/assets/rbcits/js/sub/gmi/canadian-market-news.min.js,3,https://apps.rbcits.com/GMIService/api/Search?gmiFormId=6&count=10,GET,Client,Unmapped,Client-embedded credential (Basic),jQuery.ajax,Confirmed source occurrence,Listed script contains a client-side jQuery.ajax GET call to https://apps.rbcits.com/GMIService/api/Search?gmiFormId=6&count=10; no importing page found among rechecked pages. Authentication: Client-embedded credential (Basic).
GMI-C39E1605,No importing page found among scanned pages,https://www.rbcis.com/assets/rbcits/js/sub/gmi/canadian-market-news.min.js,5,"https://apps.rbcits.com/GMIService/api/Search?gmiFormId=6[],d=0",GET,Client,Unmapped,Client-embedded credential (Basic),jQuery.ajax,Confirmed source occurrence,"Listed script contains a client-side jQuery.ajax GET call to https://apps.rbcits.com/GMIService/api/Search?gmiFormId=6[],d=0; no importing page found among rechecked pages. Authentication: Client-embedded credential (Basic)."
GMI-4BF16212,No importing page found among scanned pages,https://www.rbcis.com/assets/rbcits/js/sub/gmi/holiday-calendar-23-test.js,456,https://apps.rbcits.com/GMIService/api/Search?gmiFormId=5&date=self.selectedDay(),GET,Client,Unmapped,Client-embedded credential (Basic),jQuery.ajax,Confirmed source occurrence,Listed script contains a client-side jQuery.ajax GET call to https://apps.rbcits.com/GMIService/api/Search?gmiFormId=5&date=self.selectedDay(); no importing page found among rechecked pages. Authentication: Client-embedded credential (Basic).
GMI-6F92108D,No importing page found among scanned pages,https://www.rbcis.com/assets/rbcits/js/sub/gmi/holiday-calendar-23-test.js,587,https://apps.rbcits.com/GMIService/api/Search?gmiFormId=5,GET,Client,Unmapped,Client-embedded credential (Basic),jQuery.ajax,Confirmed source occurrence,Listed script contains a client-side jQuery.ajax GET call to https://apps.rbcits.com/GMIService/api/Search?gmiFormId=5; no importing page found among rechecked pages. Authentication: Client-embedded credential (Basic).
GMI-1C1FECF7,No importing page found among scanned pages,https://www.rbcis.com/assets/rbcits/js/sub/gmi/holiday-calendar-23.1-bundle.js,456,https://apps.rbcits.com/GMIService/api/Search?gmiFormId=5&date=self.selectedDay(),GET,Client,Unmapped,Client-embedded credential (Basic),jQuery.ajax,Confirmed source occurrence,Listed script contains a client-side jQuery.ajax GET call to https://apps.rbcits.com/GMIService/api/Search?gmiFormId=5&date=self.selectedDay(); no importing page found among rechecked pages. Authentication: Client-embedded credential (Basic).
GMI-4D74C258,No importing page found among scanned pages,https://www.rbcis.com/assets/rbcits/js/sub/gmi/holiday-calendar-23.1-bundle.js,587,https://apps.rbcits.com/GMIService/api/Search?gmiFormId=5,GET,Client,Unmapped,Client-embedded credential (Basic),jQuery.ajax,Confirmed source occurrence,Listed script contains a client-side jQuery.ajax GET call to https://apps.rbcits.com/GMIService/api/Search?gmiFormId=5; no importing page found among rechecked pages. Authentication: Client-embedded credential (Basic).
GMI-5EE5A112,No importing page found among scanned pages,https://www.rbcis.com/assets/rbcits/js/sub/gmi/holiday-calendar-23.1-bundle.min.js,1,https://apps.rbcits.com/GMIService/api/Search?gmiFormId=5,GET,Client,Unmapped,Client-embedded credential (Basic),jQuery.ajax,Confirmed source occurrence,Listed script contains a client-side jQuery.ajax GET call to https://apps.rbcits.com/GMIService/api/Search?gmiFormId=5; no importing page found among rechecked pages. Authentication: Client-embedded credential (Basic).
GMI-77610CA1,No importing page found among scanned pages,https://www.rbcis.com/assets/rbcits/js/sub/gmi/holiday-calendar-23.1-bundle.min.js,1,https://apps.rbcits.com/GMIService/api/Search?gmiFormId=5&date=new Date,GET,Client,Unmapped,Client-embedded credential (Basic),jQuery.ajax,Confirmed source occurrence,Listed script contains a client-side jQuery.ajax GET call to https://apps.rbcits.com/GMIService/api/Search?gmiFormId=5&date=new Date; no importing page found among rechecked pages. Authentication: Client-embedded credential (Basic).
GMI-B7E14471,No importing page found among scanned pages,https://www.rbcis.com/assets/rbcits/js/sub/gmi/holiday-calendar-23.min.js,8,"https://apps.rbcits.com/GMIService/api/Search?gmiFormId=5&date=[],a=convertDateString(c.to()),a=new Date(a.getFullYear(),a.getMonth()+1,0),b=a.getFullYear()-pad(a.getMonth()+1)-pad(a.getDate()),a=c.allItems.filter(function(a){if(a.PublishDate>=c.from()&&a.PublishDate<=b)return!0})",GET,Client,Unmapped,Client-embedded credential (Basic),jQuery.ajax,Confirmed source occurrence,"Listed script contains a client-side jQuery.ajax GET call to https://apps.rbcits.com/GMIService/api/Search?gmiFormId=5&date=[],a=convertDateString(c.to()),a=new Date(a.getFullYear(),a.getMonth()+1,0),b=a.getFullYear()-pad(a.getMonth()+1)-pad(a.getDate()),a=c.allItems.filter(function(a){if(a.PublishDate>=c.from()&&a.PublishDate<=b)return!0}); no importing page found among rechecked pages. Authentication: Client-embedded credential (Basic)."
GMI-5FF69856,No importing page found among scanned pages,https://www.rbcis.com/assets/rbcits/js/sub/gmi/holiday-calendar-23.min.js,13,https://apps.rbcits.com/GMIService/api/Search?gmiFormId=5,GET,Client,Unmapped,No explicit auth observed (cookies may still apply),jQuery shorthand,Confirmed source occurrence,Listed script contains a client-side jQuery shorthand GET call to https://apps.rbcits.com/GMIService/api/Search?gmiFormId=5; no importing page found among rechecked pages. Authentication: No explicit auth observed (cookies may still apply).
GMI-529BCDBA,No importing page found among scanned pages,https://www.rbcis.com/assets/rbcits/js/sub/gmi/holiday-calendar-25-1-bundle.js,456,https://apps.rbcits.com/GMIService/api/Search?gmiFormId=5&date=self.selectedDay(),GET,Client,Unmapped,No explicit auth observed (cookies may still apply),jQuery.ajax,Confirmed source occurrence,Listed script contains a client-side jQuery.ajax GET call to https://apps.rbcits.com/GMIService/api/Search?gmiFormId=5&date=self.selectedDay(); no importing page found among rechecked pages. Authentication: No explicit auth observed (cookies may still apply).
GMI-A3FE1A05,No importing page found among scanned pages,https://www.rbcis.com/assets/rbcits/js/sub/gmi/holiday-calendar-25-1-bundle.js,587,https://apps.rbcits.com/GMIService/api/Search?gmiFormId=5,GET,Client,Unmapped,No explicit auth observed (cookies may still apply),jQuery.ajax,Confirmed source occurrence,Listed script contains a client-side jQuery.ajax GET call to https://apps.rbcits.com/GMIService/api/Search?gmiFormId=5; no importing page found among rechecked pages. Authentication: No explicit auth observed (cookies may still apply).
GMI-3C1AA7A0,No importing page found among scanned pages,https://www.rbcis.com/assets/rbcits/js/sub/gmi/holiday-calendar-26-bundle-fr.js,456,https://apps.rbcits.com/GMIService/api/Search?gmiFormId=5&date=self.selectedDay(),GET,Client,Unmapped,No explicit auth observed (cookies may still apply),jQuery.ajax,Confirmed source occurrence,Listed script contains a client-side jQuery.ajax GET call to https://apps.rbcits.com/GMIService/api/Search?gmiFormId=5&date=self.selectedDay(); no importing page found among rechecked pages. Authentication: No explicit auth observed (cookies may still apply).
GMI-3DF9C76B,No importing page found among scanned pages,https://www.rbcis.com/assets/rbcits/js/sub/gmi/holiday-calendar-26-bundle-fr.js,587,https://apps.rbcits.com/GMIService/api/Search?gmiFormId=5,GET,Client,Unmapped,No explicit auth observed (cookies may still apply),jQuery.ajax,Confirmed source occurrence,Listed script contains a client-side jQuery.ajax GET call to https://apps.rbcits.com/GMIService/api/Search?gmiFormId=5; no importing page found among rechecked pages. Authentication: No explicit auth observed (cookies may still apply).
GMI-C739E392,No importing page found among scanned pages,https://www.rbcis.com/assets/rbcits/js/sub/gmi/holiday-calendar-bundle-2-23.min.js,14,"https://apps.rbcits.com/GMIService/api/Search?gmiFormId=5&date=[],a=convertDateString(b.to()),a=new Date(a.getFullYear(),a.getMonth()+1,0),c=a.getFullYear()-pad(a.getMonth()+1)-pad(a.getDate()),a=b.allItems.filter(function(a){if(a.PublishDate>=b.from()&&a.PublishDate<=c)return!0})",GET,Client,Unmapped,Client-embedded credential (Basic),jQuery.ajax,Confirmed source occurrence,"Listed script contains a client-side jQuery.ajax GET call to https://apps.rbcits.com/GMIService/api/Search?gmiFormId=5&date=[],a=convertDateString(b.to()),a=new Date(a.getFullYear(),a.getMonth()+1,0),c=a.getFullYear()-pad(a.getMonth()+1)-pad(a.getDate()),a=b.allItems.filter(function(a){if(a.PublishDate>=b.from()&&a.PublishDate<=c)return!0}); no importing page found among rechecked pages. Authentication: Client-embedded credential (Basic)."
GMI-99FBC1CA,No importing page found among scanned pages,https://www.rbcis.com/assets/rbcits/js/sub/gmi/holiday-calendar-bundle-2-23.min.js,19,https://apps.rbcits.com/GMIService/api/Search?gmiFormId=5,GET,Client,Unmapped,No explicit auth observed (cookies may still apply),jQuery shorthand,Confirmed source occurrence,Listed script contains a client-side jQuery shorthand GET call to https://apps.rbcits.com/GMIService/api/Search?gmiFormId=5; no importing page found among rechecked pages. Authentication: No explicit auth observed (cookies may still apply).
GMI-95355BFC,No importing page found among scanned pages,https://www.rbcis.com/assets/rbcits/js/sub/gmi/holiday-calendar-bundle-23.js,462,https://apps.rbcits.com/GMIService/api/Search?gmiFormId=5&date=self.selectedDay(),GET,Client,Unmapped,Client-embedded credential (Basic),jQuery.ajax,Confirmed source occurrence,Listed script contains a client-side jQuery.ajax GET call to https://apps.rbcits.com/GMIService/api/Search?gmiFormId=5&date=self.selectedDay(); no importing page found among rechecked pages. Authentication: Client-embedded credential (Basic).
GMI-0BC7D767,No importing page found among scanned pages,https://www.rbcis.com/assets/rbcits/js/sub/gmi/holiday-calendar-bundle-23.js,593,https://apps.rbcits.com/GMIService/api/Search?gmiFormId=5,GET,Client,Unmapped,Client-embedded credential (Basic),jQuery.ajax,Confirmed source occurrence,Listed script contains a client-side jQuery.ajax GET call to https://apps.rbcits.com/GMIService/api/Search?gmiFormId=5; no importing page found among rechecked pages. Authentication: Client-embedded credential (Basic).
GMI-DC45D141,No importing page found among scanned pages,https://www.rbcis.com/assets/rbcits/js/sub/gmi/holiday-calendar-bundle-23.min.js,1,https://apps.rbcits.com/GMIService/api/Search?gmiFormId=5,GET,Client,Unmapped,Client-embedded credential (Basic),jQuery.ajax,Confirmed source occurrence,Listed script contains a client-side jQuery.ajax GET call to https://apps.rbcits.com/GMIService/api/Search?gmiFormId=5; no importing page found among rechecked pages. Authentication: Client-embedded credential (Basic).
GMI-09BD86CA,No importing page found among scanned pages,https://www.rbcis.com/assets/rbcits/js/sub/gmi/holiday-calendar-bundle-23.min.js,1,https://apps.rbcits.com/GMIService/api/Search?gmiFormId=5&date=new Date,GET,Client,Unmapped,Client-embedded credential (Basic),jQuery.ajax,Confirmed source occurrence,Listed script contains a client-side jQuery.ajax GET call to https://apps.rbcits.com/GMIService/api/Search?gmiFormId=5&date=new Date; no importing page found among rechecked pages. Authentication: Client-embedded credential (Basic).
GMI-245B533F,No importing page found among scanned pages,https://www.rbcis.com/assets/rbcits/js/sub/gmi/holiday-calendar-bundle-test-23.min.js,431,https://apps.rbcits.com/GMIService/api/Search?gmiFormId=5&date=new Date,GET,Client,Unmapped,Client-embedded credential (Basic),jQuery.ajax,Confirmed source occurrence,Listed script contains a client-side jQuery.ajax GET call to https://apps.rbcits.com/GMIService/api/Search?gmiFormId=5&date=new Date; no importing page found among rechecked pages. Authentication: Client-embedded credential (Basic).
GMI-AE67AE24,No importing page found among scanned pages,https://www.rbcis.com/assets/rbcits/js/sub/gmi/holiday-calendar-bundle-test-23.min.js,501,https://apps.rbcits.com/GMIService/api/Search?gmiFormId=5,GET,Client,Unmapped,Client-embedded credential (Basic),jQuery.ajax,Confirmed source occurrence,Listed script contains a client-side jQuery.ajax GET call to https://apps.rbcits.com/GMIService/api/Search?gmiFormId=5; no importing page found among rechecked pages. Authentication: Client-embedded credential (Basic).
GMI-46A4243B,No importing page found among scanned pages,https://www.rbcis.com/assets/rbcits/js/sub/gmi/holiday-calendar-bundle-test.min.js,452,https://apps.rbcits.com/GMIService/api/Search?gmiFormId=5&date=self.selectedDay(),GET,Client,Unmapped,No explicit auth observed (cookies may still apply),jQuery.ajax,Confirmed source occurrence,Listed script contains a client-side jQuery.ajax GET call to https://apps.rbcits.com/GMIService/api/Search?gmiFormId=5&date=self.selectedDay(); no importing page found among rechecked pages. Authentication: No explicit auth observed (cookies may still apply).
GMI-05AC5D6C,No importing page found among scanned pages,https://www.rbcis.com/assets/rbcits/js/sub/gmi/holiday-calendar-bundle-test.min.js,582,https://apps.rbcits.com/GMIService/api/Search?gmiFormId=5,GET,Client,Unmapped,No explicit auth observed (cookies may still apply),jQuery shorthand,Confirmed source occurrence,Listed script contains a client-side jQuery shorthand GET call to https://apps.rbcits.com/GMIService/api/Search?gmiFormId=5; no importing page found among rechecked pages. Authentication: No explicit auth observed (cookies may still apply).
GMI-A84463D2,No importing page found among scanned pages,https://www.rbcis.com/assets/rbcits/js/sub/gmi/holiday-calendar-bundle.js,455,https://apps.rbcits.com/GMIService/api/Search?gmiFormId=5&date=self.selectedDay(),GET,Client,Unmapped,Client-embedded credential (Basic),jQuery.ajax,Confirmed source occurrence,Listed script contains a client-side jQuery.ajax GET call to https://apps.rbcits.com/GMIService/api/Search?gmiFormId=5&date=self.selectedDay(); no importing page found among rechecked pages. Authentication: Client-embedded credential (Basic).
GMI-7F0DFECD,No importing page found among scanned pages,https://www.rbcis.com/assets/rbcits/js/sub/gmi/holiday-calendar-bundle.js,586,https://apps.rbcits.com/GMIService/api/Search?gmiFormId=5,GET,Client,Unmapped,Client-embedded credential (Basic),jQuery.ajax,Confirmed source occurrence,Listed script contains a client-side jQuery.ajax GET call to https://apps.rbcits.com/GMIService/api/Search?gmiFormId=5; no importing page found among rechecked pages. Authentication: Client-embedded credential (Basic).
GMI-31E9D2AF,No importing page found among scanned pages,https://www.rbcis.com/assets/rbcits/js/sub/gmi/holiday-calendar-bundle.min.js,1,https://apps.rbcits.com/GMIService/api/Search?gmiFormId=5,GET,Client,Unmapped,Client-embedded credential (Basic),jQuery.ajax,Confirmed source occurrence,Listed script contains a client-side jQuery.ajax GET call to https://apps.rbcits.com/GMIService/api/Search?gmiFormId=5; no importing page found among rechecked pages. Authentication: Client-embedded credential (Basic).
GMI-EE4EC2E4,No importing page found among scanned pages,https://www.rbcis.com/assets/rbcits/js/sub/gmi/holiday-calendar-bundle.min.js,1,https://apps.rbcits.com/GMIService/api/Search?gmiFormId=5&date=new Date,GET,Client,Unmapped,Client-embedded credential (Basic),jQuery.ajax,Confirmed source occurrence,Listed script contains a client-side jQuery.ajax GET call to https://apps.rbcits.com/GMIService/api/Search?gmiFormId=5&date=new Date; no importing page found among rechecked pages. Authentication: Client-embedded credential (Basic).
GMI-F602776F,No importing page found among scanned pages,https://www.rbcis.com/assets/rbcits/js/sub/gmi/holiday-calendar-bundle2.min.js,14,"https://apps.rbcits.com/GMIService/api/Search?gmiFormId=5&date=[],a=convertDateString(b.to()),a=new Date(a.getFullYear(),a.getMonth()+1,0),c=a.getFullYear()-pad(a.getMonth()+1)-pad(a.getDate()),a=b.allItems.filter(function(a){if(a.PublishDate>=b.from()&&a.PublishDate<=c)return!0})",GET,Client,Unmapped,No explicit auth observed (cookies may still apply),jQuery.ajax,Confirmed source occurrence,"Listed script contains a client-side jQuery.ajax GET call to https://apps.rbcits.com/GMIService/api/Search?gmiFormId=5&date=[],a=convertDateString(b.to()),a=new Date(a.getFullYear(),a.getMonth()+1,0),c=a.getFullYear()-pad(a.getMonth()+1)-pad(a.getDate()),a=b.allItems.filter(function(a){if(a.PublishDate>=b.from()&&a.PublishDate<=c)return!0}); no importing page found among rechecked pages. Authentication: No explicit auth observed (cookies may still apply)."
GMI-AA421BD7,No importing page found among scanned pages,https://www.rbcis.com/assets/rbcits/js/sub/gmi/holiday-calendar-bundle2.min.js,19,https://apps.rbcits.com/GMIService/api/Search?gmiFormId=5,GET,Client,Unmapped,No explicit auth observed (cookies may still apply),jQuery shorthand,Confirmed source occurrence,Listed script contains a client-side jQuery shorthand GET call to https://apps.rbcits.com/GMIService/api/Search?gmiFormId=5; no importing page found among rechecked pages. Authentication: No explicit auth observed (cookies may still apply).
GMI-08CC5D86,No importing page found among scanned pages,https://www.rbcis.com/assets/rbcits/js/sub/gmi/holiday-calendar-v2.js,169,https://apps.rbcits.com/GMIService/api/Search?gmiFormId=5&date=self.selectedDay(),GET,Client,Unmapped,No explicit auth observed (cookies may still apply),jQuery.ajax,Confirmed source occurrence,Listed script contains a client-side jQuery.ajax GET call to https://apps.rbcits.com/GMIService/api/Search?gmiFormId=5&date=self.selectedDay(); no importing page found among rechecked pages. Authentication: No explicit auth observed (cookies may still apply).
GMI-3DB7A981,No importing page found among scanned pages,https://www.rbcis.com/assets/rbcits/js/sub/gmi/holiday-calendar-v2.js,318,https://apps.rbcits.com/GMIService/api/Search?gmiFormId=5,GET,Client,Unmapped,No explicit auth observed (cookies may still apply),jQuery shorthand,Confirmed source occurrence,Listed script contains a client-side jQuery shorthand GET call to https://apps.rbcits.com/GMIService/api/Search?gmiFormId=5; no importing page found among rechecked pages. Authentication: No explicit auth observed (cookies may still apply).
GMI-AED27BD7,No importing page found among scanned pages,https://www.rbcis.com/assets/rbcits/js/sub/gmi/holiday-calendar.2.js,166,https://apps.rbcits.com/GMIService/api/Search?gmiFormId=5&date=self.selectedDay(),GET,Client,Unmapped,No explicit auth observed (cookies may still apply),jQuery.ajax,Confirmed source occurrence,Listed script contains a client-side jQuery.ajax GET call to https://apps.rbcits.com/GMIService/api/Search?gmiFormId=5&date=self.selectedDay(); no importing page found among rechecked pages. Authentication: No explicit auth observed (cookies may still apply).
GMI-BD42DAF8,No importing page found among scanned pages,https://www.rbcis.com/assets/rbcits/js/sub/gmi/holiday-calendar.2.js,301,https://apps.rbcits.com/GMIService/api/Search?gmiFormId=5,GET,Client,Unmapped,No explicit auth observed (cookies may still apply),jQuery shorthand,Confirmed source occurrence,Listed script contains a client-side jQuery shorthand GET call to https://apps.rbcits.com/GMIService/api/Search?gmiFormId=5; no importing page found among rechecked pages. Authentication: No explicit auth observed (cookies may still apply).
GMI-E979F132,No importing page found among scanned pages,https://www.rbcis.com/assets/rbcits/js/sub/gmi/holiday-calendar.2.min.js,8,"https://apps.rbcits.com/GMIService/api/Search?gmiFormId=5&date=[],a=convertDateString(c.to()),a=new Date(a.getFullYear(),a.getMonth()+1,0),b=a.getFullYear()-pad(a.getMonth()+1)-pad(a.getDate()),a=c.allItems.filter(function(a){if(a.PublishDate>=",GET,Client,Unmapped,No explicit auth observed (cookies may still apply),jQuery.ajax,Confirmed source occurrence,"Listed script contains a client-side jQuery.ajax GET call to https://apps.rbcits.com/GMIService/api/Search?gmiFormId=5&date=[],a=convertDateString(c.to()),a=new Date(a.getFullYear(),a.getMonth()+1,0),b=a.getFullYear()-pad(a.getMonth()+1)-pad(a.getDate()),a=c.allItems.filter(function(a){if(a.PublishDate>=; no importing page found among rechecked pages. Authentication: No explicit auth observed (cookies may still apply)."
GMI-DC5C06B2,No importing page found among scanned pages,https://www.rbcis.com/assets/rbcits/js/sub/gmi/holiday-calendar.2.min.js,14,https://apps.rbcits.com/GMIService/api/Search?gmiFormId=5,GET,Client,Unmapped,No explicit auth observed (cookies may still apply),jQuery shorthand,Confirmed source occurrence,Listed script contains a client-side jQuery shorthand GET call to https://apps.rbcits.com/GMIService/api/Search?gmiFormId=5; no importing page found among rechecked pages. Authentication: No explicit auth observed (cookies may still apply).
GMI-6C9300E5,No importing page found among scanned pages,https://www.rbcis.com/assets/rbcits/js/sub/gmi/holiday-calendar.min.js,8,"https://apps.rbcits.com/GMIService/api/Search?gmiFormId=5&date=[],a=convertDateString(c.to()),a=new Date(a.getFullYear(),a.getMonth()+1,0),b=a.getFullYear()-pad(a.getMonth()+1)-pad(a.getDate()),a=c.allItems.filter(function(a){if(a.PublishDate>=c.from()&&a.PublishDate<=b)return!0})",GET,Client,Unmapped,No explicit auth observed (cookies may still apply),jQuery.ajax,Confirmed source occurrence,"Listed script contains a client-side jQuery.ajax GET call to https://apps.rbcits.com/GMIService/api/Search?gmiFormId=5&date=[],a=convertDateString(c.to()),a=new Date(a.getFullYear(),a.getMonth()+1,0),b=a.getFullYear()-pad(a.getMonth()+1)-pad(a.getDate()),a=c.allItems.filter(function(a){if(a.PublishDate>=c.from()&&a.PublishDate<=b)return!0}); no importing page found among rechecked pages. Authentication: No explicit auth observed (cookies may still apply)."
GMI-0E17EEBA,No importing page found among scanned pages,https://www.rbcis.com/assets/rbcits/js/sub/gmi/holiday-calendar.min.js,13,https://apps.rbcits.com/GMIService/api/Search?gmiFormId=5,GET,Client,Unmapped,No explicit auth observed (cookies may still apply),jQuery shorthand,Confirmed source occurrence,Listed script contains a client-side jQuery shorthand GET call to https://apps.rbcits.com/GMIService/api/Search?gmiFormId=5; no importing page found among rechecked pages. Authentication: No explicit auth observed (cookies may still apply).
GMI-F5277EB7,No importing page found among scanned pages,https://www.rbcis.com/assets/rbcits/js/sub/gmi/mainpage-23.js,28,https://apps.rbcits.com/GMIService/api/Search?gmiFormId=1&count=4,GET,Client,Unmapped,Client-embedded credential (Basic),jQuery.ajax,Confirmed source occurrence,Listed script contains a client-side jQuery.ajax GET call to https://apps.rbcits.com/GMIService/api/Search?gmiFormId=1&count=4; no importing page found among rechecked pages. Authentication: Client-embedded credential (Basic).
GMI-6A4237AD,No importing page found among scanned pages,https://www.rbcis.com/assets/rbcits/js/sub/gmi/mainpage-23.js,41,https://apps.rbcits.com/GMIService/api/Search?gmiFormId=3&count=4,GET,Client,Unmapped,Client-embedded credential (Basic),jQuery.ajax,Confirmed source occurrence,Listed script contains a client-side jQuery.ajax GET call to https://apps.rbcits.com/GMIService/api/Search?gmiFormId=3&count=4; no importing page found among rechecked pages. Authentication: Client-embedded credential (Basic).
GMI-9EAD3F42,No importing page found among scanned pages,https://www.rbcis.com/assets/rbcits/js/sub/gmi/market-newsflash-23-fr.js,27,https://apps.rbcits.com/GMIService/api/Search?gmiFormId=1&count=20,GET,Client,Unmapped,Client-embedded credential (Basic),jQuery.ajax,Confirmed source occurrence,Listed script contains a client-side jQuery.ajax GET call to https://apps.rbcits.com/GMIService/api/Search?gmiFormId=1&count=20; no importing page found among rechecked pages. Authentication: Client-embedded credential (Basic).
GMI-6E79105C,No importing page found among scanned pages,https://www.rbcis.com/assets/rbcits/js/sub/gmi/market-newsflash-23-fr.js,95,https://apps.rbcits.com/GMIService/api/Search?gmiFormId=1,GET,Client,Unmapped,Client-embedded credential (Basic),jQuery.ajax,Confirmed source occurrence,Listed script contains a client-side jQuery.ajax GET call to https://apps.rbcits.com/GMIService/api/Search?gmiFormId=1; no importing page found among rechecked pages. Authentication: Client-embedded credential (Basic).
GMI-1DBF8343,No importing page found among scanned pages,https://www.rbcis.com/assets/rbcits/js/sub/gmi/market-newsflash-23.js,27,https://apps.rbcits.com/GMIService/api/Search?gmiFormId=1&count=20,GET,Client,Unmapped,Client-embedded credential (Basic),jQuery.ajax,Confirmed source occurrence,Listed script contains a client-side jQuery.ajax GET call to https://apps.rbcits.com/GMIService/api/Search?gmiFormId=1&count=20; no importing page found among rechecked pages. Authentication: Client-embedded credential (Basic).
GMI-934ADCAB,No importing page found among scanned pages,https://www.rbcis.com/assets/rbcits/js/sub/gmi/market-newsflash-23.js,95,https://apps.rbcits.com/GMIService/api/Search?gmiFormId=1,GET,Client,Unmapped,Client-embedded credential (Basic),jQuery.ajax,Confirmed source occurrence,Listed script contains a client-side jQuery.ajax GET call to https://apps.rbcits.com/GMIService/api/Search?gmiFormId=1; no importing page found among rechecked pages. Authentication: Client-embedded credential (Basic).
GMI-8FB53E8C,No importing page found among scanned pages,https://www.rbcis.com/assets/rbcits/js/sub/gmi/market-newsflash-view-23-fr.js,143,https://apps.rbcits.com/GMIService/api/MarketBulletins/getUrlParameter('id'),GET,Client,Unmapped,Client-embedded credential (Basic),jQuery.ajax,Confirmed source occurrence,Listed script contains a client-side jQuery.ajax GET call to https://apps.rbcits.com/GMIService/api/MarketBulletins/getUrlParameter('id'); no importing page found among rechecked pages. Authentication: Client-embedded credential (Basic).
GMI-23695D65,No importing page found among scanned pages,https://www.rbcis.com/assets/rbcits/js/sub/gmi/market-newsflash-view-23.js,143,https://apps.rbcits.com/GMIService/api/MarketBulletins/getUrlParameter('id'),GET,Client,Unmapped,Client-embedded credential (Basic),jQuery.ajax,Confirmed source occurrence,Listed script contains a client-side jQuery.ajax GET call to https://apps.rbcits.com/GMIService/api/MarketBulletins/getUrlParameter('id'); no importing page found among rechecked pages. Authentication: Client-embedded credential (Basic).
GMI-779EF5A6,No importing page found among scanned pages,https://www.rbcis.com/assets/rbcits/js/sub/gmi/market-newsflash-view-25-fr.js,143,https://apps.rbcits.com/GMIService/api/MarketBulletins/getUrlParameter('id'),GET,Client,Unmapped,Client-embedded credential (Basic),jQuery.ajax,Confirmed source occurrence,Listed script contains a client-side jQuery.ajax GET call to https://apps.rbcits.com/GMIService/api/MarketBulletins/getUrlParameter('id'); no importing page found among rechecked pages. Authentication: Client-embedded credential (Basic).
GMI-D6F3548B,No importing page found among scanned pages,https://www.rbcis.com/assets/rbcits/js/sub/gmi/market-newsflash-view-25.js,143,https://apps.rbcits.com/GMIService/api/MarketBulletins/getUrlParameter('id'),GET,Client,Unmapped,Client-embedded credential (Basic),jQuery.ajax,Confirmed source occurrence,Listed script contains a client-side jQuery.ajax GET call to https://apps.rbcits.com/GMIService/api/MarketBulletins/getUrlParameter('id'); no importing page found among rechecked pages. Authentication: Client-embedded credential (Basic).
GMI-DE92DFE2,No importing page found among scanned pages,https://www.rbcis.com/assets/rbcits/js/sub/gmi/market-newsflash-view-test.js,144,https://apps.rbcits.com/GMIService/api/MarketBulletins/getUrlParameter('id'),GET,Client,Unmapped,No explicit auth observed (cookies may still apply),jQuery.ajax,Confirmed source occurrence,Listed script contains a client-side jQuery.ajax GET call to https://apps.rbcits.com/GMIService/api/MarketBulletins/getUrlParameter('id'); no importing page found among rechecked pages. Authentication: No explicit auth observed (cookies may still apply).
GMI-6B551C77,No importing page found among scanned pages,https://www.rbcis.com/assets/rbcits/js/sub/gmi/market-newsflash-view.js,143,https://apps.rbcits.com/GMIService/api/MarketBulletins/getUrlParameter('id'),GET,Client,Unmapped,Client-embedded credential (Basic),jQuery.ajax,Confirmed source occurrence,Listed script contains a client-side jQuery.ajax GET call to https://apps.rbcits.com/GMIService/api/MarketBulletins/getUrlParameter('id'); no importing page found among rechecked pages. Authentication: Client-embedded credential (Basic).
GMI-D2E2D381,No importing page found among scanned pages,https://www.rbcis.com/assets/rbcits/js/sub/gmi/market-newsflash.js,27,https://apps.rbcits.com/GMIService/api/Search?gmiFormId=1&count=20,GET,Client,Unmapped,Client-embedded credential (Basic),jQuery.ajax,Confirmed source occurrence,Listed script contains a client-side jQuery.ajax GET call to https://apps.rbcits.com/GMIService/api/Search?gmiFormId=1&count=20; no importing page found among rechecked pages. Authentication: Client-embedded credential (Basic).
GMI-C435BEF1,No importing page found among scanned pages,https://www.rbcis.com/assets/rbcits/js/sub/gmi/market-newsflash.js,95,https://apps.rbcits.com/GMIService/api/Search?gmiFormId=1,GET,Client,Unmapped,Client-embedded credential (Basic),jQuery.ajax,Confirmed source occurrence,Listed script contains a client-side jQuery.ajax GET call to https://apps.rbcits.com/GMIService/api/Search?gmiFormId=1; no importing page found among rechecked pages. Authentication: Client-embedded credential (Basic).
GMI-B2A44F5A,No importing page found among scanned pages,https://www.rbcis.com/assets/rbcits/js/sub/gmi/operational-updates-23.min.js,3,https://apps.rbcits.com/GMIService/api/Search?gmiFormId=8&count=10,GET,Client,Unmapped,Client-embedded credential (Basic),jQuery.ajax,Confirmed source occurrence,Listed script contains a client-side jQuery.ajax GET call to https://apps.rbcits.com/GMIService/api/Search?gmiFormId=8&count=10; no importing page found among rechecked pages. Authentication: Client-embedded credential (Basic).
GMI-4AEC054C,No importing page found among scanned pages,https://www.rbcis.com/assets/rbcits/js/sub/gmi/operational-updates-23.min.js,5,"https://apps.rbcits.com/GMIService/api/Search?gmiFormId=8[],d=0",GET,Client,Unmapped,Client-embedded credential (Basic),jQuery.ajax,Confirmed source occurrence,"Listed script contains a client-side jQuery.ajax GET call to https://apps.rbcits.com/GMIService/api/Search?gmiFormId=8[],d=0; no importing page found among rechecked pages. Authentication: Client-embedded credential (Basic)."
GMI-A225EBA0,No importing page found among scanned pages,https://www.rbcis.com/assets/rbcits/js/sub/gmi/operational-updates.js,27,https://apps.rbcits.com/GMIService/api/Search?gmiFormId=8&count=10,GET,Client,Unmapped,Client-embedded credential (Basic),jQuery.ajax,Confirmed source occurrence,Listed script contains a client-side jQuery.ajax GET call to https://apps.rbcits.com/GMIService/api/Search?gmiFormId=8&count=10; no importing page found among rechecked pages. Authentication: Client-embedded credential (Basic).
GMI-8A5D36E3,No importing page found among scanned pages,https://www.rbcis.com/assets/rbcits/js/sub/gmi/operational-updates.js,95,https://apps.rbcits.com/GMIService/api/Search?gmiFormId=8,GET,Client,Unmapped,No explicit auth observed (cookies may still apply),jQuery.ajax,Confirmed source occurrence,Listed script contains a client-side jQuery.ajax GET call to https://apps.rbcits.com/GMIService/api/Search?gmiFormId=8; no importing page found among rechecked pages. Authentication: No explicit auth observed (cookies may still apply).
GMI-5B3A0D6E,No importing page found among scanned pages,https://www.rbcis.com/assets/rbcits/js/sub/gmi/operational-updates.min.js,3,https://apps.rbcits.com/GMIService/api/Search?gmiFormId=8&count=10,GET,Client,Unmapped,Client-embedded credential (Basic),jQuery.ajax,Confirmed source occurrence,Listed script contains a client-side jQuery.ajax GET call to https://apps.rbcits.com/GMIService/api/Search?gmiFormId=8&count=10; no importing page found among rechecked pages. Authentication: Client-embedded credential (Basic).
GMI-AA616488,No importing page found among scanned pages,https://www.rbcis.com/assets/rbcits/js/sub/gmi/operational-updates.min.js,5,"https://apps.rbcits.com/GMIService/api/Search?gmiFormId=8[],d=0",GET,Client,Unmapped,Client-embedded credential (Basic),jQuery.ajax,Confirmed source occurrence,"Listed script contains a client-side jQuery.ajax GET call to https://apps.rbcits.com/GMIService/api/Search?gmiFormId=8[],d=0; no importing page found among rechecked pages. Authentication: Client-embedded credential (Basic)."
GMI-37DEC402,No importing page found among scanned pages,https://www.rbcis.com/assets/rbcits/js/sub/gmi/tax-bulletins-25.js,26,https://apps.rbcits.com/GMIService/api/Search?gmiFormId=2&count=20,GET,Client,Unmapped,Client-embedded credential (Basic),jQuery.ajax,Confirmed source occurrence,Listed script contains a client-side jQuery.ajax GET call to https://apps.rbcits.com/GMIService/api/Search?gmiFormId=2&count=20; no importing page found among rechecked pages. Authentication: Client-embedded credential (Basic).
GMI-F13B341C,No importing page found among scanned pages,https://www.rbcis.com/assets/rbcits/js/sub/gmi/tax-bulletins-25.js,101,https://apps.rbcits.com/GMIService/api/Search?gmiFormId=2,GET,Client,Unmapped,Client-embedded credential (Basic),jQuery.ajax,Confirmed source occurrence,Listed script contains a client-side jQuery.ajax GET call to https://apps.rbcits.com/GMIService/api/Search?gmiFormId=2; no importing page found among rechecked pages. Authentication: Client-embedded credential (Basic).
GMI-0E5A4B45,No importing page found among scanned pages,https://www.rbcis.com/assets/rbcits/js/sub/gmi/tax-bulletins-trust-23.js,26,https://apps.rbcits.com/GMIService/api/Search?gmiFormId=2&count=20,GET,Client,Unmapped,Client-embedded credential (Basic),jQuery.ajax,Confirmed source occurrence,Listed script contains a client-side jQuery.ajax GET call to https://apps.rbcits.com/GMIService/api/Search?gmiFormId=2&count=20; no importing page found among rechecked pages. Authentication: Client-embedded credential (Basic).
GMI-3B2B45DD,No importing page found among scanned pages,https://www.rbcis.com/assets/rbcits/js/sub/gmi/tax-bulletins-trust-23.js,101,https://apps.rbcits.com/GMIService/api/Search?gmiFormId=2,GET,Client,Unmapped,Client-embedded credential (Basic),jQuery.ajax,Confirmed source occurrence,Listed script contains a client-side jQuery.ajax GET call to https://apps.rbcits.com/GMIService/api/Search?gmiFormId=2; no importing page found among rechecked pages. Authentication: Client-embedded credential (Basic).
GMI-3B8D6A9F,No importing page found among scanned pages,https://www.rbcis.com/assets/rbcits/js/sub/gmi/tax-bulletins-trust-25.js,26,https://apps.rbcits.com/GMIService/api/Search?gmiFormId=2&count=20,GET,Client,Unmapped,Client-embedded credential (Basic),jQuery.ajax,Confirmed source occurrence,Listed script contains a client-side jQuery.ajax GET call to https://apps.rbcits.com/GMIService/api/Search?gmiFormId=2&count=20; no importing page found among rechecked pages. Authentication: Client-embedded credential (Basic).
GMI-09504C2F,No importing page found among scanned pages,https://www.rbcis.com/assets/rbcits/js/sub/gmi/tax-bulletins-trust-25.js,101,https://apps.rbcits.com/GMIService/api/Search?gmiFormId=2,GET,Client,Unmapped,Client-embedded credential (Basic),jQuery.ajax,Confirmed source occurrence,Listed script contains a client-side jQuery.ajax GET call to https://apps.rbcits.com/GMIService/api/Search?gmiFormId=2; no importing page found among rechecked pages. Authentication: Client-embedded credential (Basic).
GMI-41693741,No importing page found among scanned pages,https://www.rbcis.com/assets/rbcits/js/sub/gmi/tax-bulletins-trust.js,26,https://apps.rbcits.com/GMIService/api/Search?gmiFormId=2&count=20,GET,Client,Unmapped,Client-embedded credential (Basic),jQuery.ajax,Confirmed source occurrence,Listed script contains a client-side jQuery.ajax GET call to https://apps.rbcits.com/GMIService/api/Search?gmiFormId=2&count=20; no importing page found among rechecked pages. Authentication: Client-embedded credential (Basic).
GMI-877809B1,No importing page found among scanned pages,https://www.rbcis.com/assets/rbcits/js/sub/gmi/tax-bulletins-trust.js,101,https://apps.rbcits.com/GMIService/api/Search?gmiFormId=2,GET,Client,Unmapped,Client-embedded credential (Basic),jQuery.ajax,Confirmed source occurrence,Listed script contains a client-side jQuery.ajax GET call to https://apps.rbcits.com/GMIService/api/Search?gmiFormId=2; no importing page found among rechecked pages. Authentication: Client-embedded credential (Basic).
GMI-92950DF8,No importing page found among scanned pages,https://www.rbcis.com/assets/rbcits/js/sub/gmi/tcs-asia-23.js,39,https://apps.rbcits.com/GMIService/api/Search?gmiFormId=13&count=25,GET,Client,Unmapped,Client-embedded credential (Basic),jQuery.ajax,Confirmed source occurrence,Listed script contains a client-side jQuery.ajax GET call to https://apps.rbcits.com/GMIService/api/Search?gmiFormId=13&count=25; no importing page found among rechecked pages. Authentication: Client-embedded credential (Basic).
GMI-619B54C3,No importing page found among scanned pages,https://www.rbcis.com/assets/rbcits/js/sub/gmi/tcs-asia-23.js,49,https://apps.rbcits.com/GMIService/api/Search?gmiFormId=14&count=25,GET,Client,Unmapped,Client-embedded credential (Basic),jQuery.ajax,Confirmed source occurrence,Listed script contains a client-side jQuery.ajax GET call to https://apps.rbcits.com/GMIService/api/Search?gmiFormId=14&count=25; no importing page found among rechecked pages. Authentication: Client-embedded credential (Basic).
GMI-39CA7EE7,No importing page found among scanned pages,https://www.rbcis.com/assets/rbcits/js/sub/gmi/tcs-asia-23.js,117,https://apps.rbcits.com/GMIService/api/Search?gmiFormId=13,GET,Client,Unmapped,Client-embedded credential (Basic),jQuery.ajax,Confirmed source occurrence,Listed script contains a client-side jQuery.ajax GET call to https://apps.rbcits.com/GMIService/api/Search?gmiFormId=13; no importing page found among rechecked pages. Authentication: Client-embedded credential (Basic).
GMI-36CA7A2E,No importing page found among scanned pages,https://www.rbcis.com/assets/rbcits/js/sub/gmi/tcs-asia-23.js,154,https://apps.rbcits.com/GMIService/api/Search?gmiFormId=14,GET,Client,Unmapped,Client-embedded credential (Basic),jQuery.ajax,Confirmed source occurrence,Listed script contains a client-side jQuery.ajax GET call to https://apps.rbcits.com/GMIService/api/Search?gmiFormId=14; no importing page found among rechecked pages. Authentication: Client-embedded credential (Basic).
GMI-A1F892D0,No importing page found among scanned pages,https://www.rbcis.com/assets/rbcits/js/sub/gmi/tcs-asia.js,39,https://apps.rbcits.com/GMIService/api/Search?gmiFormId=13&count=25,GET,Client,Unmapped,Client-embedded credential (Basic),jQuery.ajax,Confirmed source occurrence,Listed script contains a client-side jQuery.ajax GET call to https://apps.rbcits.com/GMIService/api/Search?gmiFormId=13&count=25; no importing page found among rechecked pages. Authentication: Client-embedded credential (Basic).
GMI-7BC1FF5B,No importing page found among scanned pages,https://www.rbcis.com/assets/rbcits/js/sub/gmi/tcs-asia.js,49,https://apps.rbcits.com/GMIService/api/Search?gmiFormId=14&count=25,GET,Client,Unmapped,Client-embedded credential (Basic),jQuery.ajax,Confirmed source occurrence,Listed script contains a client-side jQuery.ajax GET call to https://apps.rbcits.com/GMIService/api/Search?gmiFormId=14&count=25; no importing page found among rechecked pages. Authentication: Client-embedded credential (Basic).
GMI-4BD3D1BF,No importing page found among scanned pages,https://www.rbcis.com/assets/rbcits/js/sub/gmi/tcs-asia.js,117,https://apps.rbcits.com/GMIService/api/Search?gmiFormId=13,GET,Client,Unmapped,Client-embedded credential (Basic),jQuery.ajax,Confirmed source occurrence,Listed script contains a client-side jQuery.ajax GET call to https://apps.rbcits.com/GMIService/api/Search?gmiFormId=13; no importing page found among rechecked pages. Authentication: Client-embedded credential (Basic).
GMI-48D3CD06,No importing page found among scanned pages,https://www.rbcis.com/assets/rbcits/js/sub/gmi/tcs-asia.js,154,https://apps.rbcits.com/GMIService/api/Search?gmiFormId=14,GET,Client,Unmapped,Client-embedded credential (Basic),jQuery.ajax,Confirmed source occurrence,Listed script contains a client-side jQuery.ajax GET call to https://apps.rbcits.com/GMIService/api/Search?gmiFormId=14; no importing page found among rechecked pages. Authentication: Client-embedded credential (Basic).
GMI-65392593,No importing page found among scanned pages,https://www.rbcis.com/assets/rbcits/js/sub/gmi/tcs-australia-23.js,39,https://apps.rbcits.com/GMIService/api/Search?gmiFormId=13&count=15,GET,Client,Unmapped,Client-embedded credential (Basic),jQuery.ajax,Confirmed source occurrence,Listed script contains a client-side jQuery.ajax GET call to https://apps.rbcits.com/GMIService/api/Search?gmiFormId=13&count=15; no importing page found among rechecked pages. Authentication: Client-embedded credential (Basic).
GMI-747F3808,No importing page found among scanned pages,https://www.rbcis.com/assets/rbcits/js/sub/gmi/tcs-australia-23.js,49,https://apps.rbcits.com/GMIService/api/Search?gmiFormId=14&count=15,GET,Client,Unmapped,Client-embedded credential (Basic),jQuery.ajax,Confirmed source occurrence,Listed script contains a client-side jQuery.ajax GET call to https://apps.rbcits.com/GMIService/api/Search?gmiFormId=14&count=15; no importing page found among rechecked pages. Authentication: Client-embedded credential (Basic).
GMI-DE6E8CB7,No importing page found among scanned pages,https://www.rbcis.com/assets/rbcits/js/sub/gmi/tcs-australia-23.js,117,https://apps.rbcits.com/GMIService/api/Search?gmiFormId=13,GET,Client,Unmapped,Client-embedded credential (Basic),jQuery.ajax,Confirmed source occurrence,Listed script contains a client-side jQuery.ajax GET call to https://apps.rbcits.com/GMIService/api/Search?gmiFormId=13; no importing page found among rechecked pages. Authentication: Client-embedded credential (Basic).
GMI-DB6E87FE,No importing page found among scanned pages,https://www.rbcis.com/assets/rbcits/js/sub/gmi/tcs-australia-23.js,154,https://apps.rbcits.com/GMIService/api/Search?gmiFormId=14,GET,Client,Unmapped,Client-embedded credential (Basic),jQuery.ajax,Confirmed source occurrence,Listed script contains a client-side jQuery.ajax GET call to https://apps.rbcits.com/GMIService/api/Search?gmiFormId=14; no importing page found among rechecked pages. Authentication: Client-embedded credential (Basic).
GMI-1CF4316B,No importing page found among scanned pages,https://www.rbcis.com/assets/rbcits/js/sub/gmi/tcs-australia.js,39,https://apps.rbcits.com/GMIService/api/Search?gmiFormId=13&count=15,GET,Client,Unmapped,Client-embedded credential (Basic),jQuery.ajax,Confirmed source occurrence,Listed script contains a client-side jQuery.ajax GET call to https://apps.rbcits.com/GMIService/api/Search?gmiFormId=13&count=15; no importing page found among rechecked pages. Authentication: Client-embedded credential (Basic).
GMI-60CD7260,No importing page found among scanned pages,https://www.rbcis.com/assets/rbcits/js/sub/gmi/tcs-australia.js,49,https://apps.rbcits.com/GMIService/api/Search?gmiFormId=14&count=15,GET,Client,Unmapped,Client-embedded credential (Basic),jQuery.ajax,Confirmed source occurrence,Listed script contains a client-side jQuery.ajax GET call to https://apps.rbcits.com/GMIService/api/Search?gmiFormId=14&count=15; no importing page found among rechecked pages. Authentication: Client-embedded credential (Basic).
GMI-D2A8EBEF,No importing page found among scanned pages,https://www.rbcis.com/assets/rbcits/js/sub/gmi/tcs-australia.js,117,https://apps.rbcits.com/GMIService/api/Search?gmiFormId=13,GET,Client,Unmapped,Client-embedded credential (Basic),jQuery.ajax,Confirmed source occurrence,Listed script contains a client-side jQuery.ajax GET call to https://apps.rbcits.com/GMIService/api/Search?gmiFormId=13; no importing page found among rechecked pages. Authentication: Client-embedded credential (Basic).
GMI-CFA8E736,No importing page found among scanned pages,https://www.rbcis.com/assets/rbcits/js/sub/gmi/tcs-australia.js,154,https://apps.rbcits.com/GMIService/api/Search?gmiFormId=14,GET,Client,Unmapped,Client-embedded credential (Basic),jQuery.ajax,Confirmed source occurrence,Listed script contains a client-side jQuery.ajax GET call to https://apps.rbcits.com/GMIService/api/Search?gmiFormId=14; no importing page found among rechecked pages. Authentication: Client-embedded credential (Basic).
GMI-ABCDB63E,No importing page found among scanned pages,https://www.rbcis.com/assets/rbcits/js/sub/gmi/tcs-domestic-23.js,39,https://apps.rbcits.com/GMIService/api/Search?gmiFormId=13&count=25,GET,Client,Unmapped,Client-embedded credential (Basic),jQuery.ajax,Confirmed source occurrence,Listed script contains a client-side jQuery.ajax GET call to https://apps.rbcits.com/GMIService/api/Search?gmiFormId=13&count=25; no importing page found among rechecked pages. Authentication: Client-embedded credential (Basic).
GMI-1E063ACD,No importing page found among scanned pages,https://www.rbcis.com/assets/rbcits/js/sub/gmi/tcs-domestic-23.js,49,https://apps.rbcits.com/GMIService/api/Search?gmiFormId=14&count=25,GET,Client,Unmapped,Client-embedded credential (Basic),jQuery.ajax,Confirmed source occurrence,Listed script contains a client-side jQuery.ajax GET call to https://apps.rbcits.com/GMIService/api/Search?gmiFormId=14&count=25; no importing page found among rechecked pages. Authentication: Client-embedded credential (Basic).
GMI-5FEB6175,No importing page found among scanned pages,https://www.rbcis.com/assets/rbcits/js/sub/gmi/tcs-domestic-23.js,117,https://apps.rbcits.com/GMIService/api/Search?gmiFormId=13,GET,Client,Unmapped,Client-embedded credential (Basic),jQuery.ajax,Confirmed source occurrence,Listed script contains a client-side jQuery.ajax GET call to https://apps.rbcits.com/GMIService/api/Search?gmiFormId=13; no importing page found among rechecked pages. Authentication: Client-embedded credential (Basic).
GMI-58EB5670,No importing page found among scanned pages,https://www.rbcis.com/assets/rbcits/js/sub/gmi/tcs-domestic-23.js,154,https://apps.rbcits.com/GMIService/api/Search?gmiFormId=14,GET,Client,Unmapped,Client-embedded credential (Basic),jQuery.ajax,Confirmed source occurrence,Listed script contains a client-side jQuery.ajax GET call to https://apps.rbcits.com/GMIService/api/Search?gmiFormId=14; no importing page found among rechecked pages. Authentication: Client-embedded credential (Basic).
GMI-21BF999A,No importing page found among scanned pages,https://www.rbcis.com/assets/rbcits/js/sub/gmi/tcs-domestic.js,39,https://apps.rbcits.com/GMIService/api/Search?gmiFormId=13&count=25,GET,Client,Unmapped,Client-embedded credential (Basic),jQuery.ajax,Confirmed source occurrence,Listed script contains a client-side jQuery.ajax GET call to https://apps.rbcits.com/GMIService/api/Search?gmiFormId=13&count=25; no importing page found among rechecked pages. Authentication: Client-embedded credential (Basic).
GMI-777D3911,No importing page found among scanned pages,https://www.rbcis.com/assets/rbcits/js/sub/gmi/tcs-domestic.js,49,https://apps.rbcits.com/GMIService/api/Search?gmiFormId=14&count=25,GET,Client,Unmapped,Client-embedded credential (Basic),jQuery.ajax,Confirmed source occurrence,Listed script contains a client-side jQuery.ajax GET call to https://apps.rbcits.com/GMIService/api/Search?gmiFormId=14&count=25; no importing page found among rechecked pages. Authentication: Client-embedded credential (Basic).
GMI-BF7F1B51,No importing page found among scanned pages,https://www.rbcis.com/assets/rbcits/js/sub/gmi/tcs-domestic.js,117,https://apps.rbcits.com/GMIService/api/Search?gmiFormId=13,GET,Client,Unmapped,Client-embedded credential (Basic),jQuery.ajax,Confirmed source occurrence,Listed script contains a client-side jQuery.ajax GET call to https://apps.rbcits.com/GMIService/api/Search?gmiFormId=13; no importing page found among rechecked pages. Authentication: Client-embedded credential (Basic).
GMI-C07F1CE4,No importing page found among scanned pages,https://www.rbcis.com/assets/rbcits/js/sub/gmi/tcs-domestic.js,154,https://apps.rbcits.com/GMIService/api/Search?gmiFormId=14,GET,Client,Unmapped,Client-embedded credential (Basic),jQuery.ajax,Confirmed source occurrence,Listed script contains a client-side jQuery.ajax GET call to https://apps.rbcits.com/GMIService/api/Search?gmiFormId=14; no importing page found among rechecked pages. Authentication: Client-embedded credential (Basic).
GMI-C6313F4C,No importing page found among scanned pages,https://www.rbcis.com/assets/rbcits/js/sub/gmi/tcs-europe-23.js,39,https://apps.rbcits.com/GMIService/api/Search?gmiFormId=13&count=25,GET,Client,Unmapped,Client-embedded credential (Basic),jQuery.ajax,Confirmed source occurrence,Listed script contains a client-side jQuery.ajax GET call to https://apps.rbcits.com/GMIService/api/Search?gmiFormId=13&count=25; no importing page found among rechecked pages. Authentication: Client-embedded credential (Basic).
GMI-6217A49F,No importing page found among scanned pages,https://www.rbcis.com/assets/rbcits/js/sub/gmi/tcs-europe-23.js,49,https://apps.rbcits.com/GMIService/api/Search?gmiFormId=14&count=25,GET,Client,Unmapped,Client-embedded credential (Basic),jQuery.ajax,Confirmed source occurrence,Listed script contains a client-side jQuery.ajax GET call to https://apps.rbcits.com/GMIService/api/Search?gmiFormId=14&count=25; no importing page found among rechecked pages. Authentication: Client-embedded credential (Basic).
GMI-FAC5667B,No importing page found among scanned pages,https://www.rbcis.com/assets/rbcits/js/sub/gmi/tcs-europe-23.js,117,https://apps.rbcits.com/GMIService/api/Search?gmiFormId=13,GET,Client,Unmapped,Client-embedded credential (Basic),jQuery.ajax,Confirmed source occurrence,Listed script contains a client-side jQuery.ajax GET call to https://apps.rbcits.com/GMIService/api/Search?gmiFormId=13; no importing page found among rechecked pages. Authentication: Client-embedded credential (Basic).
GMI-FFC56E5A,No importing page found among scanned pages,https://www.rbcis.com/assets/rbcits/js/sub/gmi/tcs-europe-23.js,154,https://apps.rbcits.com/GMIService/api/Search?gmiFormId=14,GET,Client,Unmapped,Client-embedded credential (Basic),jQuery.ajax,Confirmed source occurrence,Listed script contains a client-side jQuery.ajax GET call to https://apps.rbcits.com/GMIService/api/Search?gmiFormId=14; no importing page found among rechecked pages. Authentication: Client-embedded credential (Basic).
GMI-0016E0B4,No importing page found among scanned pages,https://www.rbcis.com/assets/rbcits/js/sub/gmi/tcs-europe.js,39,https://apps.rbcits.com/GMIService/api/Search?gmiFormId=13&count=25,GET,Client,Unmapped,Client-embedded credential (Basic),jQuery.ajax,Confirmed source occurrence,Listed script contains a client-side jQuery.ajax GET call to https://apps.rbcits.com/GMIService/api/Search?gmiFormId=13&count=25; no importing page found among rechecked pages. Authentication: Client-embedded credential (Basic).
GMI-001DD1C7,No importing page found among scanned pages,https://www.rbcis.com/assets/rbcits/js/sub/gmi/tcs-europe.js,49,https://apps.rbcits.com/GMIService/api/Search?gmiFormId=14&count=25,GET,Client,Unmapped,Client-embedded credential (Basic),jQuery.ajax,Confirmed source occurrence,Listed script contains a client-side jQuery.ajax GET call to https://apps.rbcits.com/GMIService/api/Search?gmiFormId=14&count=25; no importing page found among rechecked pages. Authentication: Client-embedded credential (Basic).
GMI-21B9E2A3,No importing page found among scanned pages,https://www.rbcis.com/assets/rbcits/js/sub/gmi/tcs-europe.js,117,https://apps.rbcits.com/GMIService/api/Search?gmiFormId=13,GET,Client,Unmapped,Client-embedded credential (Basic),jQuery.ajax,Confirmed source occurrence,Listed script contains a client-side jQuery.ajax GET call to https://apps.rbcits.com/GMIService/api/Search?gmiFormId=13; no importing page found among rechecked pages. Authentication: Client-embedded credential (Basic).
GMI-26B9EA82,No importing page found among scanned pages,https://www.rbcis.com/assets/rbcits/js/sub/gmi/tcs-europe.js,154,https://apps.rbcits.com/GMIService/api/Search?gmiFormId=14,GET,Client,Unmapped,Client-embedded credential (Basic),jQuery.ajax,Confirmed source occurrence,Listed script contains a client-side jQuery.ajax GET call to https://apps.rbcits.com/GMIService/api/Search?gmiFormId=14; no importing page found among rechecked pages. Authentication: Client-embedded credential (Basic).
GMI-BAAED6F0,No importing page found among scanned pages,https://www.rbcis.com/assets/rbcits/js/sub/gmi/tcs-global-23.js,42,https://apps.rbcits.com/GMIService/api/Search?gmiFormId=13&count=40,GET,Client,Unmapped,Client-embedded credential (Basic),jQuery.ajax,Confirmed source occurrence,Listed script contains a client-side jQuery.ajax GET call to https://apps.rbcits.com/GMIService/api/Search?gmiFormId=13&count=40; no importing page found among rechecked pages. Authentication: Client-embedded credential (Basic).
GMI-6C0FAC23,No importing page found among scanned pages,https://www.rbcis.com/assets/rbcits/js/sub/gmi/tcs-global-23.js,52,https://apps.rbcits.com/GMIService/api/Search?gmiFormId=14&count=40,GET,Client,Unmapped,Client-embedded credential (Basic),jQuery.ajax,Confirmed source occurrence,Listed script contains a client-side jQuery.ajax GET call to https://apps.rbcits.com/GMIService/api/Search?gmiFormId=14&count=40; no importing page found among rechecked pages. Authentication: Client-embedded credential (Basic).
GMI-54A39F88,No importing page found among scanned pages,https://www.rbcis.com/assets/rbcits/js/sub/gmi/tcs-global-23.js,120,https://apps.rbcits.com/GMIService/api/Search?gmiFormId=13,GET,Client,Unmapped,Client-embedded credential (Basic),jQuery.ajax,Confirmed source occurrence,Listed script contains a client-side jQuery.ajax GET call to https://apps.rbcits.com/GMIService/api/Search?gmiFormId=13; no importing page found among rechecked pages. Authentication: Client-embedded credential (Basic).
GMI-5BA3AA8D,No importing page found among scanned pages,https://www.rbcis.com/assets/rbcits/js/sub/gmi/tcs-global-23.js,157,https://apps.rbcits.com/GMIService/api/Search?gmiFormId=14,GET,Client,Unmapped,Client-embedded credential (Basic),jQuery.ajax,Confirmed source occurrence,Listed script contains a client-side jQuery.ajax GET call to https://apps.rbcits.com/GMIService/api/Search?gmiFormId=14; no importing page found among rechecked pages. Authentication: Client-embedded credential (Basic).
GMI-60960326,No importing page found among scanned pages,https://www.rbcis.com/assets/rbcits/js/sub/gmi/tcs-global-24.js,41,https://apps.rbcits.com/GMIService/api/Search?gmiFormId=13&count=5,GET,Client,Unmapped,Client-embedded credential (Basic),jQuery.ajax,Confirmed source occurrence,Listed script contains a client-side jQuery.ajax GET call to https://apps.rbcits.com/GMIService/api/Search?gmiFormId=13&count=5; no importing page found among rechecked pages. Authentication: Client-embedded credential (Basic).
GMI-EB8D406B,No importing page found among scanned pages,https://www.rbcis.com/assets/rbcits/js/sub/gmi/tcs-global-24.js,52,https://apps.rbcits.com/GMIService/api/Search?gmiFormId=14&count=5,GET,Client,Unmapped,Client-embedded credential (Basic),jQuery.ajax,Confirmed source occurrence,Listed script contains a client-side jQuery.ajax GET call to https://apps.rbcits.com/GMIService/api/Search?gmiFormId=14&count=5; no importing page found among rechecked pages. Authentication: Client-embedded credential (Basic).
GMI-56C06815,No importing page found among scanned pages,https://www.rbcis.com/assets/rbcits/js/sub/gmi/tcs-global-24.js,121,https://apps.rbcits.com/GMIService/api/Search?gmiFormId=13,GET,Client,Unmapped,Client-embedded credential (Basic),jQuery.ajax,Confirmed source occurrence,Listed script contains a client-side jQuery.ajax GET call to https://apps.rbcits.com/GMIService/api/Search?gmiFormId=13; no importing page found among rechecked pages. Authentication: Client-embedded credential (Basic).
GMI-4FC05D10,No importing page found among scanned pages,https://www.rbcis.com/assets/rbcits/js/sub/gmi/tcs-global-24.js,158,https://apps.rbcits.com/GMIService/api/Search?gmiFormId=14,GET,Client,Unmapped,Client-embedded credential (Basic),jQuery.ajax,Confirmed source occurrence,Listed script contains a client-side jQuery.ajax GET call to https://apps.rbcits.com/GMIService/api/Search?gmiFormId=14; no importing page found among rechecked pages. Authentication: Client-embedded credential (Basic).
GMI-8369A6FB,No importing page found among scanned pages,https://www.rbcis.com/assets/rbcits/js/sub/gmi/tcs-global.js,39,https://apps.rbcits.com/GMIService/api/Search?gmiFormId=13&count=25,GET,Client,Unmapped,Client-embedded credential (Basic),jQuery.ajax,Confirmed source occurrence,Listed script contains a client-side jQuery.ajax GET call to https://apps.rbcits.com/GMIService/api/Search?gmiFormId=13&count=25; no importing page found among rechecked pages. Authentication: Client-embedded credential (Basic).
GMI-17E604F0,No importing page found among scanned pages,https://www.rbcis.com/assets/rbcits/js/sub/gmi/tcs-global.js,49,https://apps.rbcits.com/GMIService/api/Search?gmiFormId=14&count=25,GET,Client,Unmapped,Client-embedded credential (Basic),jQuery.ajax,Confirmed source occurrence,Listed script contains a client-side jQuery.ajax GET call to https://apps.rbcits.com/GMIService/api/Search?gmiFormId=14&count=25; no importing page found among rechecked pages. Authentication: Client-embedded credential (Basic).
GMI-86122026,No importing page found among scanned pages,https://www.rbcis.com/assets/rbcits/js/sub/gmi/tcs-global.js,117,https://apps.rbcits.com/GMIService/api/Search?gmiFormId=13,GET,Client,Unmapped,Client-embedded credential (Basic),jQuery.ajax,Confirmed source occurrence,Listed script contains a client-side jQuery.ajax GET call to https://apps.rbcits.com/GMIService/api/Search?gmiFormId=13; no importing page found among rechecked pages. Authentication: Client-embedded credential (Basic).
GMI-891224DF,No importing page found among scanned pages,https://www.rbcis.com/assets/rbcits/js/sub/gmi/tcs-global.js,154,https://apps.rbcits.com/GMIService/api/Search?gmiFormId=14,GET,Client,Unmapped,Client-embedded credential (Basic),jQuery.ajax,Confirmed source occurrence,Listed script contains a client-side jQuery.ajax GET call to https://apps.rbcits.com/GMIService/api/Search?gmiFormId=14; no importing page found among rechecked pages. Authentication: Client-embedded credential (Basic).
GMI-43423A82,No importing page found among scanned pages,https://www.rbcis.com/assets/rbcits/js/sub/gmi/thomasmurray-newsflash-24.js,27,https://apps.rbcits.com/GMIService/api/Search?gmiFormId=1&count=20,GET,Client,Unmapped,Client-embedded credential (Basic),jQuery.ajax,Confirmed source occurrence,Listed script contains a client-side jQuery.ajax GET call to https://apps.rbcits.com/GMIService/api/Search?gmiFormId=1&count=20; no importing page found among rechecked pages. Authentication: Client-embedded credential (Basic).
GMI-4DE3839C,No importing page found among scanned pages,https://www.rbcis.com/assets/rbcits/js/sub/gmi/thomasmurray-newsflash-24.js,95,https://apps.rbcits.com/GMIService/api/Search?gmiFormId=1,GET,Client,Unmapped,Client-embedded credential (Basic),jQuery.ajax,Confirmed source occurrence,Listed script contains a client-side jQuery.ajax GET call to https://apps.rbcits.com/GMIService/api/Search?gmiFormId=1; no importing page found among rechecked pages. Authentication: Client-embedded credential (Basic).
GMI-88B38ED4,No importing page found among scanned pages,https://www.rbcis.com/assets/rbcits/js/sub/gmi/thomasmurray-newsflash-view-24.js,146,https://apps.rbcits.com/GMIService/api/ThomasMurrayBulletins/getUrlParameter('id'),GET,Client,Unmapped,Client-embedded credential (Basic),jQuery.ajax,Confirmed source occurrence,Listed script contains a client-side jQuery.ajax GET call to https://apps.rbcits.com/GMIService/api/ThomasMurrayBulletins/getUrlParameter('id'); no importing page found among rechecked pages. Authentication: Client-embedded credential (Basic).
GMI-A0BA9E34,No importing page found among scanned pages,https://www.rbcis.com/assets/rbcits/js/sub/gmi/updates-23.js,24,https://apps.rbcits.com/GMIService/api/Search?gmiFormId=3&count=10,GET,Client,Unmapped,Client-embedded credential (Basic),jQuery.ajax,Confirmed source occurrence,Listed script contains a client-side jQuery.ajax GET call to https://apps.rbcits.com/GMIService/api/Search?gmiFormId=3&count=10; no importing page found among rechecked pages. Authentication: Client-embedded credential (Basic).
GMI-8525347F,No importing page found among scanned pages,https://www.rbcis.com/assets/rbcits/js/sub/gmi/updates-23.js,92,https://apps.rbcits.com/GMIService/api/Search?gmiFormId=3,GET,Client,Unmapped,Client-embedded credential (Basic),jQuery.ajax,Confirmed source occurrence,Listed script contains a client-side jQuery.ajax GET call to https://apps.rbcits.com/GMIService/api/Search?gmiFormId=3; no importing page found among rechecked pages. Authentication: Client-embedded credential (Basic).
GMI-80CA1066,No importing page found among scanned pages,https://www.rbcis.com/assets/rbcits/js/sub/gmi/updates.js,24,https://apps.rbcits.com/GMIService/api/Search?gmiFormId=3&count=10,GET,Client,Unmapped,Client-embedded credential (Basic),jQuery.ajax,Confirmed source occurrence,Listed script contains a client-side jQuery.ajax GET call to https://apps.rbcits.com/GMIService/api/Search?gmiFormId=3&count=10; no importing page found among rechecked pages. Authentication: Client-embedded credential (Basic).
GMI-13445495,No importing page found among scanned pages,https://www.rbcis.com/assets/rbcits/js/sub/gmi/updates.js,92,https://apps.rbcits.com/GMIService/api/Search?gmiFormId=3,GET,Client,Unmapped,Client-embedded credential (Basic),jQuery.ajax,Confirmed source occurrence,Listed script contains a client-side jQuery.ajax GET call to https://apps.rbcits.com/GMIService/api/Search?gmiFormId=3; no importing page found among rechecked pages. Authentication: Client-embedded credential (Basic).
